,country,year,co2,co2_per_capita,population,Deaths - Cause: All causes - Risk: Outdoor air pollution - OWID - Sex: Both - Age: All Ages (Number),Deaths - Cause: All causes - Risk: High systolic blood pressure - Sex: Both - Age: All Ages (Number),Deaths - Cause: All causes - Risk: Diet high in sodium - Sex: Both - Age: All Ages (Number),Deaths - Cause: All causes - Risk: Diet low in whole grains - Sex: Both - Age: All Ages (Number),Deaths - Cause: All causes - Risk: Alcohol use - Sex: Both - Age: All Ages (Number),Deaths - Cause: All causes - Risk: Diet low in fruits - Sex: Both - Age: All Ages (Number),Deaths - Cause: All causes - Risk: Unsafe water source - Sex: Both - Age: All Ages (Number),Deaths - Cause: All causes - Risk: Secondhand smoke - Sex: Both - Age: All Ages (Number),Deaths - Cause: All causes - Risk: Low birth weight - Sex: Both - Age: All Ages (Number),Deaths - Cause: All causes - Risk: Child wasting - Sex: Both - Age: All Ages (Number),Deaths - Cause: All causes - Risk: Unsafe sex - Sex: Both - Age: All Ages (Number),Deaths - Cause: All causes - Risk: Diet low in nuts and seeds - Sex: Both - Age: All Ages (Number),Deaths - Cause: All causes - Risk: Household air pollution from solid fuels - Sex: Both - Age: All Ages (Number),Deaths - Cause: All causes - Risk: Diet low in vegetables - Sex: Both - Age: All Ages (Number),Deaths - Cause: All causes - Risk: Low physical activity - Sex: Both - Age: All Ages (Number),Deaths - Cause: All causes - Risk: Smoking - Sex: Both - Age: All Ages (Number),Deaths - Cause: All causes - Risk: High fasting plasma glucose - Sex: Both - Age: All Ages (Number),Deaths - Cause: All causes - Risk: Air pollution - Sex: Both - Age: All Ages (Number),Deaths - Cause: All causes - Risk: High body-mass index - Sex: Both - Age: All Ages (Number),Deaths - Cause: All causes - Risk: Unsafe sanitation - Sex: Both - Age: All Ages (Number),Deaths - Cause: All causes - Risk: No access to handwashing facility - Sex: Both - Age: All Ages (Number),Deaths - Cause: All causes - Risk: Drug use - Sex: Both - Age: All Ages (Number),Deaths - Cause: All causes - Risk: Low bone mineral density - Sex: Both - Age: All Ages (Number),Deaths - Cause: All causes - Risk: Vitamin A deficiency - Sex: Both - Age: All Ages (Number),Deaths - Cause: All causes - Risk: Child stunting - Sex: Both - Age: All Ages (Number),Deaths - Cause: All causes - Risk: Discontinued breastfeeding - Sex: Both - Age: All Ages (Number),Deaths - Cause: All causes - Risk: Non-exclusive breastfeeding - Sex: Both - Age: All Ages (Number),Deaths - Cause: All causes - Risk: Iron deficiency - Sex: Both - Age: All Ages (Number)
178,Africa,1990,659.295,1.052,630349685.0,169060.0,517225.0,53910.0,84581.0,181775.0,55539.0,875626.0,86286.0,738574.0,1324893.0,219750.0,29657.0,849985.0,44111.0,35653.0,243978.0,235137.0,1016435.0,197605.0,657254.0,502767.0,9417.0,17678.0,111243.0,336431.0,12498.0,194374.0,20760.0
179,Africa,1991,689.026,1.068,647344041.0,173284.0,530279.0,54726.0,86492.0,185915.0,56576.0,891975.0,86193.0,743576.0,1334548.0,277823.0,29876.0,854965.0,44963.0,36743.0,249771.0,244239.0,1025291.0,204707.0,668571.0,510534.0,11493.0,18251.0,110511.0,337791.0,12756.0,199186.0,20850.0
180,Africa,1992,668.677,1.01,664512034.0,177903.0,546003.0,55717.0,88607.0,190333.0,58033.0,879864.0,86672.0,748911.0,1324392.0,346730.0,30171.0,862498.0,46026.0,38058.0,256000.0,254856.0,1037216.0,213102.0,658974.0,508564.0,14132.0,18769.0,108260.0,335429.0,12510.0,195331.0,21114.0
181,Africa,1993,708.858,1.043,681869333.0,183152.0,561036.0,56454.0,91107.0,192704.0,59151.0,874695.0,86801.0,756069.0,1316012.0,424735.0,30531.0,868398.0,46726.0,39572.0,260980.0,264429.0,1048242.0,220730.0,654419.0,508280.0,17110.0,19173.0,106062.0,332856.0,12357.0,193919.0,21230.0
182,Africa,1994,719.623,1.029,699445412.0,188664.0,578231.0,57345.0,93391.0,197211.0,60539.0,890821.0,87309.0,764485.0,1316306.0,511438.0,30864.0,875226.0,47612.0,41221.0,268237.0,275651.0,1060845.0,230701.0,665805.0,516586.0,20653.0,19740.0,105402.0,332387.0,12335.0,194972.0,21476.0
183,Africa,1995,771.994,1.077,717270112.0,192552.0,592549.0,58339.0,95057.0,202508.0,61576.0,881504.0,87173.0,774019.0,1306929.0,603349.0,30813.0,882166.0,48491.0,42261.0,274589.0,285300.0,1072243.0,237189.0,658839.0,514878.0,24520.0,20270.0,104321.0,330043.0,12166.0,193401.0,21529.0
184,Africa,1996,783.254,1.066,735361106.0,198038.0,611544.0,59312.0,97356.0,207417.0,63007.0,882094.0,87319.0,783144.0,1296922.0,698261.0,30896.0,886678.0,49517.0,43750.0,281361.0,297667.0,1082738.0,248331.0,658871.0,515734.0,28523.0,20964.0,103433.0,327155.0,12115.0,192930.0,21795.0
185,Africa,1997,812.903,1.079,753737584.0,207919.0,635036.0,60574.0,100227.0,213374.0,64868.0,876974.0,88470.0,791850.0,1283798.0,794638.0,31230.0,888648.0,50604.0,45816.0,290851.0,312682.0,1094340.0,262989.0,654619.0,514410.0,32697.0,21507.0,101610.0,322869.0,12047.0,191529.0,22063.0
186,Africa,1998,838.022,1.085,772437161.0,215795.0,654282.0,61456.0,102374.0,218431.0,66009.0,872669.0,88693.0,801356.0,1273343.0,888574.0,31025.0,890790.0,51345.0,47486.0,296053.0,324937.0,1104007.0,272985.0,651094.0,513280.0,36599.0,22171.0,99799.0,318543.0,11875.0,190811.0,22556.0
187,Africa,1999,830.397,1.05,791504165.0,223212.0,669660.0,61842.0,104285.0,220634.0,66476.0,862106.0,88634.0,809720.0,1257232.0,976941.0,30719.0,890271.0,51685.0,48781.0,297284.0,334511.0,1110552.0,280781.0,642947.0,509577.0,40270.0,22510.0,98420.0,312843.0,11368.0,188343.0,23015.0
188,Africa,2000,886.562,1.094,810984230.0,226947.0,682376.0,62244.0,105149.0,225156.0,67131.0,848137.0,88442.0,816084.0,1231171.0,1057770.0,30317.0,889539.0,52147.0,49463.0,299641.0,344417.0,1114339.0,288170.0,632245.0,504676.0,43881.0,23007.0,93922.0,304325.0,10621.0,184722.0,23325.0
189,Africa,2001,884.168,1.064,830902539.0,233898.0,698265.0,62552.0,107585.0,226575.0,67463.0,833377.0,88883.0,821293.0,1200953.0,1126122.0,30387.0,882921.0,52181.0,51067.0,302206.0,354768.0,1115183.0,299217.0,620932.0,497555.0,47061.0,23287.0,89200.0,293221.0,10022.0,181483.0,23638.0
190,Africa,2002,892.575,1.049,851298437.0,240765.0,717423.0,63305.0,110238.0,229622.0,68192.0,813565.0,89407.0,825997.0,1171262.0,1182865.0,30607.0,878204.0,52566.0,52933.0,305392.0,368000.0,1117536.0,311083.0,605529.0,489551.0,49774.0,24045.0,83154.0,280569.0,9669.0,177358.0,24129.0
191,Africa,2003,967.22,1.109,872248336.0,248444.0,736899.0,64017.0,113139.0,233684.0,68938.0,789867.0,89876.0,831204.0,1134437.0,1226124.0,30986.0,869992.0,52974.0,54938.0,309925.0,381886.0,1116622.0,324193.0,587538.0,478995.0,51913.0,24435.0,77739.0,267784.0,9353.0,172595.0,24711.0
192,Africa,2004,1036.686,1.16,893842786.0,253462.0,749757.0,64592.0,114756.0,236325.0,69273.0,767564.0,89708.0,834472.0,1097148.0,1246894.0,30958.0,860568.0,53194.0,55886.0,310778.0,393002.0,1111629.0,333532.0,570357.0,468700.0,53030.0,24824.0,71248.0,253476.0,8993.0,167680.0,25187.0
193,Africa,2005,1057.342,1.155,916154285.0,258604.0,760736.0,64896.0,116061.0,237371.0,69468.0,750806.0,89521.0,838733.0,1065486.0,1234492.0,30929.0,851964.0,53282.0,56693.0,310668.0,403499.0,1107553.0,342442.0,557613.0,460382.0,52945.0,25220.0,63984.0,240288.0,8736.0,163506.0,25393.0
194,Africa,2006,1090.195,1.161,939210049.0,267694.0,778480.0,65748.0,118232.0,239400.0,70135.0,748529.0,90175.0,839753.0,1034821.0,1189515.0,31201.0,847223.0,53694.0,58036.0,313606.0,418098.0,1110975.0,355115.0,555461.0,459194.0,51650.0,25899.0,54398.0,221782.0,8861.0,161784.0,25520.0
195,Africa,2007,1132.293,1.176,963021837.0,274436.0,793403.0,66238.0,119983.0,240343.0,70377.0,734495.0,90165.0,839376.0,1000775.0,1119452.0,31294.0,837341.0,53886.0,59173.0,314102.0,431108.0,1107647.0,365623.0,544629.0,452007.0,49733.0,26118.0,48491.0,207863.0,9091.0,157468.0,25481.0
196,Africa,2008,1181.391,1.197,987623519.0,282637.0,814663.0,67286.0,122736.0,241809.0,71150.0,715541.0,90566.0,835684.0,965086.0,1039047.0,31681.0,824671.0,54415.0,60936.0,316878.0,447922.0,1103455.0,379548.0,529782.0,441685.0,47553.0,26627.0,45850.0,198827.0,9261.0,152440.0,25297.0
197,Africa,2009,1191.035,1.176,1013045724.0,292369.0,837612.0,68467.0,125854.0,244556.0,72167.0,700251.0,91324.0,831030.0,933101.0,969772.0,32162.0,813248.0,55090.0,62883.0,320916.0,465638.0,1102189.0,395959.0,517527.0,433442.0,45236.0,27248.0,42985.0,189108.0,9231.0,147516.0,25275.0
198,Africa,2010,1218.023,1.172,1039304030.0,301219.0,856582.0,69486.0,128494.0,246609.0,73103.0,679174.0,91675.0,823970.0,910409.0,916105.0,32578.0,800351.0,55734.0,64626.0,323620.0,480836.0,1098472.0,411003.0,500574.0,422819.0,43679.0,27750.0,41180.0,181689.0,8997.0,141925.0,25111.0
199,Africa,2011,1258.709,1.181,1066409711.0,311465.0,874333.0,70786.0,131185.0,247571.0,74160.0,656814.0,91800.0,815611.0,884901.0,865544.0,32981.0,786661.0,56617.0,66092.0,326663.0,494603.0,1094896.0,424845.0,482341.0,411539.0,42531.0,28414.0,40450.0,177671.0,8908.0,136072.0,24956.0
200,Africa,2012,1253.144,1.146,1094343029.0,327136.0,898093.0,72220.0,134951.0,250410.0,75474.0,635673.0,92896.0,805745.0,844064.0,810948.0,33673.0,774269.0,57662.0,68322.0,330582.0,511961.0,1097467.0,443670.0,464683.0,402321.0,41394.0,29039.0,37129.0,169458.0,8999.0,129827.0,24522.0
201,Africa,2013,1260.316,1.123,1123045137.0,341977.0,919134.0,73684.0,138235.0,254381.0,76680.0,620251.0,93482.0,796140.0,818021.0,762870.0,34302.0,761454.0,58717.0,70406.0,334835.0,528864.0,1098418.0,460227.0,451239.0,395800.0,40348.0,29621.0,33460.0,161695.0,8926.0,124493.0,24146.0
202,Africa,2014,1363.5,1.184,1152433617.0,356071.0,941798.0,75233.0,141516.0,259069.0,78192.0,605706.0,94697.0,785441.0,791662.0,728228.0,35053.0,749297.0,59816.0,72636.0,340195.0,547341.0,1100169.0,481775.0,438483.0,389876.0,39860.0,30288.0,30670.0,154200.0,8156.0,118719.0,23756.0
203,Africa,2015,1322.735,1.119,1182438803.0,370225.0,973032.0,77342.0,147003.0,262349.0,80234.0,588800.0,96827.0,773211.0,763715.0,704541.0,36332.0,739226.0,61399.0,76026.0,348203.0,569925.0,1105007.0,506253.0,423828.0,381980.0,39879.0,31218.0,27831.0,146378.0,7112.0,112954.0,23205.0
204,Africa,2016,1356.719,1.119,1213040542.0,373196.0,993155.0,79168.0,150456.0,266232.0,81781.0,577519.0,97576.0,760692.0,738399.0,688892.0,37158.0,731384.0,62691.0,77826.0,353110.0,587940.0,1100568.0,526148.0,413798.0,375923.0,40331.0,31732.0,25076.0,138973.0,6355.0,108172.0,22862.0
205,Africa,2017,1384.372,1.113,1244222269.0,374338.0,1011214.0,80977.0,153750.0,271554.0,83474.0,568445.0,97905.0,743847.0,709522.0,663539.0,37876.0,719804.0,64206.0,79274.0,357567.0,603810.0,1089882.0,543599.0,405417.0,368461.0,40671.0,32335.0,23108.0,131300.0,5875.0,103791.0,22520.0
206,Africa,2018,1385.645,1.086,1275921014.0,382385.0,1031683.0,83000.0,157796.0,275486.0,84961.0,538930.0,98497.0,729625.0,664819.0,626836.0,38629.0,709085.0,65779.0,80869.0,362445.0,619813.0,1086667.0,559994.0,382764.0,354027.0,41004.0,33115.0,21779.0,121129.0,5339.0,97716.0,22222.0
207,Africa,2019,1408.479,1.077,1308064176.0,394719.0,1054072.0,85039.0,161880.0,280175.0,86740.0,516789.0,99559.0,716624.0,629922.0,607742.0,39455.0,696930.0,67416.0,82788.0,368265.0,638611.0,1086283.0,578820.0,365913.0,343027.0,42206.0,33828.0,20475.0,113364.0,5000.0,93478.0,21972.0
208,Africa,2020,1326.044,0.99,1340598111.0,,,,,,,,,,,,,,,,,,,,,,,,,,,,
1213,Asia,1990,6625.838,2.055,3225332306.0,1269376.0,3043558.0,879621.0,418845.0,741019.0,478394.0,1465067.0,773239.0,2004069.0,1900976.0,95644.0,183146.0,3263614.0,255947.0,152957.0,3144991.0,1287067.0,4429627.0,638850.0,1112983.0,644069.0,150580.0,110626.0,92140.0,468064.0,14845.0,261715.0,49427.0
1214,Asia,1991,6956.347,2.12,3282162202.0,1307105.0,3112612.0,888687.0,430003.0,758015.0,485180.0,1462449.0,779484.0,1976561.0,1829929.0,98000.0,186137.0,3230734.0,253236.0,159013.0,3229719.0,1341097.0,4432114.0,662163.0,1110195.0,639139.0,159699.0,113868.0,89248.0,452535.0,14173.0,252061.0,48424.0
1215,Asia,1992,7269.585,2.179,3336711023.0,1353316.0,3186963.0,897997.0,441993.0,771926.0,493145.0,1456840.0,785247.0,1953531.0,1751640.0,102903.0,189140.0,3198895.0,251183.0,165991.0,3311342.0,1400578.0,4442110.0,690413.0,1104777.0,634475.0,167501.0,116975.0,86675.0,436474.0,13068.0,240659.0,48341.0
1216,Asia,1993,7600.515,2.243,3389426674.0,1398933.0,3252205.0,905584.0,454317.0,782419.0,500411.0,1403477.0,787109.0,1920587.0,1669605.0,108989.0,192297.0,3151326.0,248630.0,172644.0,3383143.0,1452665.0,4437437.0,719081.0,1059547.0,608581.0,175516.0,120493.0,80581.0,416105.0,12015.0,228261.0,46656.0
1217,Asia,1994,7931.294,2.305,3441075571.0,1443560.0,3303570.0,907728.0,465338.0,794246.0,506662.0,1342729.0,784955.0,1883220.0,1594421.0,117317.0,195182.0,3090776.0,246048.0,178105.0,3442732.0,1499315.0,4419303.0,747859.0,1008243.0,581482.0,184751.0,123453.0,75040.0,397408.0,11134.0,214896.0,45853.0
1218,Asia,1995,8251.609,2.363,3492231607.0,1487301.0,3360291.0,913436.0,475748.0,806231.0,512834.0,1301701.0,781106.0,1851160.0,1615991.0,127314.0,197102.0,3026643.0,243520.0,183554.0,3503632.0,1544982.0,4399985.0,777524.0,972465.0,562720.0,193046.0,126382.0,70841.0,380273.0,10349.0,201350.0,44986.0
1219,Asia,1996,8579.1,2.422,3542977808.0,1545446.0,3443468.0,921708.0,490225.0,816443.0,523473.0,1257845.0,780435.0,1808064.0,1510715.0,140611.0,201490.0,2977667.0,242764.0,188868.0,3575129.0,1603019.0,4409220.0,813196.0,933579.0,541671.0,200418.0,130411.0,65736.0,359034.0,9583.0,187211.0,44086.0
1220,Asia,1997,8691.038,2.419,3593141515.0,1624115.0,3546555.0,929519.0,507787.0,827068.0,537218.0,1236694.0,779993.0,1772817.0,1432122.0,156323.0,208207.0,2940102.0,243456.0,194824.0,3658584.0,1674825.0,4443883.0,855050.0,911611.0,529655.0,206768.0,135991.0,60829.0,339708.0,9035.0,174363.0,44260.0
1221,Asia,1998,8421.433,2.312,3642754205.0,1691030.0,3624338.0,937391.0,520682.0,836048.0,544356.0,1214469.0,774927.0,1738074.0,1351462.0,173729.0,210982.0,2866911.0,240426.0,200289.0,3719280.0,1736435.0,4436253.0,895897.0,889651.0,515261.0,213835.0,140030.0,56865.0,319979.0,8731.0,163164.0,43546.0
1222,Asia,1999,8678.317,2.351,3691810055.0,1771581.0,3707652.0,953591.0,533890.0,848094.0,550651.0,1188124.0,771915.0,1700629.0,1274495.0,193015.0,212762.0,2785945.0,237295.0,206147.0,3772440.0,1796057.0,4429434.0,941300.0,864481.0,501130.0,219196.0,143740.0,54019.0,300244.0,8590.0,154524.0,42932.0
1223,Asia,2000,9091.055,2.431,3740320064.0,1847321.0,3833225.0,980835.0,555142.0,863992.0,565077.0,1156622.0,776381.0,1664126.0,1196288.0,212806.0,219002.0,2744861.0,238162.0,214791.0,3870915.0,1878860.0,4468611.0,992050.0,835011.0,485784.0,223553.0,149055.0,51063.0,280584.0,8111.0,147101.0,42209.0
1224,Asia,2001,9259.172,2.445,3788325086.0,1914088.0,3952267.0,1001239.0,577457.0,873631.0,578050.0,1118730.0,778061.0,1626451.0,1119097.0,232392.0,226707.0,2704815.0,240141.0,223862.0,3934732.0,1971913.0,4496363.0,1040108.0,799386.0,467000.0,222447.0,155080.0,46685.0,260456.0,7398.0,138770.0,40633.0
1225,Asia,2002,9779.534,2.55,3835903280.0,1980923.0,4089414.0,1029084.0,602465.0,888749.0,590878.0,1081980.0,782464.0,1598874.0,1051779.0,250845.0,234963.0,2668293.0,241741.0,233046.0,4001184.0,2089783.0,4528152.0,1098918.0,765547.0,450043.0,219365.0,162627.0,42832.0,243147.0,6804.0,131642.0,38346.0
1226,Asia,2003,10716.11,2.76,3883141056.0,2052730.0,4197040.0,1052341.0,625146.0,904325.0,597588.0,1046113.0,782791.0,1568878.0,919149.0,264766.0,241325.0,2610830.0,240615.0,240997.0,4053992.0,2203191.0,4535741.0,1153134.0,734121.0,435596.0,215094.0,170915.0,37943.0,226196.0,6418.0,126095.0,35824.0
1227,Asia,2004,11681.501,2.972,3930136052.0,2118183.0,4283865.0,1074142.0,643321.0,922718.0,599792.0,1003176.0,782704.0,1539200.0,867274.0,278386.0,244588.0,2534291.0,237107.0,247970.0,4094057.0,2296508.0,4522320.0,1200610.0,697612.0,418727.0,213888.0,177827.0,34891.0,212275.0,6063.0,121145.0,34225.0
1228,Asia,2005,12522.219,3.149,3976958795.0,2189795.0,4413028.0,1088721.0,667625.0,936050.0,608142.0,984112.0,786644.0,1503617.0,816021.0,285723.0,254012.0,2487616.0,240694.0,259019.0,4144249.0,2397394.0,4547775.0,1255865.0,680241.0,411350.0,216141.0,187669.0,31172.0,197674.0,5611.0,115242.0,33540.0
1229,Asia,2006,13363.127,3.321,4023634376.0,2251745.0,4506397.0,1087881.0,686771.0,944226.0,610776.0,973177.0,782903.0,1466785.0,769440.0,286449.0,262826.0,2420772.0,245710.0,267911.0,4131338.0,2449278.0,4539831.0,1303081.0,668938.0,405793.0,215838.0,194439.0,28535.0,184356.0,5040.0,108466.0,32185.0
1230,Asia,2007,14080.908,3.46,4070151228.0,2343093.0,4629932.0,1100485.0,708624.0,966602.0,616121.0,959777.0,783578.0,1427290.0,722628.0,282287.0,271843.0,2348702.0,249826.0,277772.0,4155746.0,2503544.0,4552060.0,1359607.0,656944.0,399412.0,216205.0,201128.0,25697.0,170368.0,4558.0,102154.0,30297.0
1231,Asia,2008,14811.211,3.598,4116490551.0,2462476.0,4798434.0,1128611.0,735604.0,1005720.0,624820.0,951725.0,793075.0,1395252.0,683406.0,277512.0,281460.0,2289910.0,254294.0,290483.0,4222639.0,2574670.0,4606305.0,1425736.0,648060.0,394441.0,218069.0,207363.0,22789.0,155470.0,4392.0,96892.0,29100.0
1232,Asia,2009,15412.299,3.703,4162614712.0,2535778.0,4931758.0,1155025.0,756867.0,1020360.0,627232.0,909554.0,796795.0,1357771.0,641991.0,268737.0,287291.0,2197138.0,254932.0,300111.0,4256860.0,2622867.0,4596604.0,1481009.0,613932.0,375522.0,215987.0,207651.0,20381.0,142251.0,4266.0,91441.0,27861.0
1233,Asia,2010,16530.951,3.928,4208481106.0,2633128.0,5101886.0,1188998.0,785762.0,1045469.0,636344.0,887506.0,807342.0,1319402.0,603208.0,261633.0,297093.0,2124865.0,258867.0,312567.0,4316856.0,2699827.0,4628882.0,1552024.0,595664.0,363073.0,216388.0,211547.0,18194.0,131056.0,4198.0,86326.0,27047.0
1234,Asia,2011,17746.632,4.172,4254064787.0,2743692.0,5263662.0,1217325.0,815264.0,1068733.0,645708.0,881100.0,818804.0,1281244.0,563959.0,256379.0,307560.0,2054656.0,263992.0,324892.0,4371437.0,2799071.0,4670492.0,1630128.0,589053.0,353739.0,217526.0,217529.0,15784.0,118976.0,4267.0,81338.0,25942.0
1235,Asia,2012,18456.3,4.293,4299327145.0,2851278.0,5380154.0,1234531.0,836887.0,1088726.0,651396.0,845968.0,825802.0,1244045.0,531460.0,250009.0,314523.0,1973277.0,268577.0,333746.0,4415035.0,2897102.0,4693364.0,1706959.0,559995.0,337260.0,216336.0,221719.0,12906.0,107666.0,4352.0,77073.0,24340.0
1236,Asia,2013,18714.335,4.308,4344187451.0,2976717.0,5504385.0,1249988.0,860187.0,1102509.0,656894.0,818321.0,837928.0,1210630.0,496911.0,249271.0,321032.0,1894660.0,272454.0,347705.0,4457729.0,3008818.0,4733566.0,1784331.0,534971.0,324578.0,217545.0,229808.0,9842.0,96448.0,4253.0,72331.0,23516.0
1237,Asia,2014,19018.802,4.334,4388547197.0,3072012.0,5608621.0,1262675.0,877574.0,1111824.0,659892.0,778256.0,848688.0,1159834.0,456250.0,248113.0,323993.0,1811990.0,274385.0,360264.0,4497286.0,3109811.0,4746886.0,1859581.0,499810.0,306936.0,219342.0,236848.0,7690.0,84960.0,4014.0,67018.0,21703.0
1238,Asia,2015,19135.91,4.317,4432314335.0,3151685.0,5731747.0,1282883.0,898448.0,1128277.0,668511.0,752510.0,860384.0,1119405.0,419985.0,247044.0,330063.0,1750206.0,279727.0,369807.0,4541366.0,3200566.0,4772033.0,1948315.0,472303.0,293775.0,223253.0,243854.0,6202.0,75220.0,3704.0,61973.0,20631.0
1239,Asia,2016,19218.166,4.294,4475437603.0,3199177.0,5883099.0,1311185.0,921328.0,1153571.0,679981.0,728403.0,875716.0,1048085.0,381931.0,245553.0,336245.0,1704820.0,285116.0,383460.0,4619194.0,3258410.0,4770171.0,2037885.0,445080.0,281582.0,226898.0,251346.0,5135.0,66154.0,3332.0,55610.0,19811.0
1240,Asia,2017,19653.513,4.35,4517860329.0,3235892.0,6017868.0,1334266.0,943901.0,1175683.0,690391.0,730091.0,891673.0,986772.0,357873.0,241805.0,341633.0,1665608.0,290408.0,400515.0,4692118.0,3307938.0,4761135.0,2122199.0,433985.0,277947.0,230866.0,259062.0,4827.0,60621.0,3134.0,51267.0,19041.0
1241,Asia,2018,20254.37,4.442,4559477874.0,3320258.0,6168638.0,1356219.0,970614.0,1199972.0,704148.0,710861.0,914701.0,935439.0,327034.0,240224.0,347534.0,1611135.0,296775.0,410775.0,4784163.0,3449265.0,4797526.0,2218976.0,406543.0,269376.0,236902.0,268083.0,4164.0,53967.0,2672.0,45265.0,19031.0
1242,Asia,2019,20608.593,4.48,4600172691.0,3460203.0,6333707.0,1389599.0,996306.0,1231617.0,717524.0,693148.0,939778.0,892983.0,304792.0,241248.0,350336.0,1533729.0,301995.0,416944.0,4891971.0,3640897.0,4854619.0,2329504.0,379410.0,261293.0,244615.0,275997.0,3204.0,48069.0,2387.0,41382.0,18724.0
1243,Asia,2020,20317.058,4.379,4639847425.0,,,,,,,,,,,,,,,,,,,,,,,,,,,,
4693,China,1990,2484.855,2.111,1176883681.0,626744.0,1222195.0,554484.0,134126.0,357337.0,207316.0,75817.0,403207.0,253303.0,314550.0,28924.0,52811.0,1329829.0,86522.0,46082.0,1531775.0,450809.0,1895767.0,234998.0,59594.0,69012.0,88100.0,32002.0,3904.0,67884.0,2949.0,62528.0,3323.0
4694,China,1991,2606.096,2.185,1192897277.0,649288.0,1246742.0,558283.0,137410.0,364816.0,208642.0,70793.0,407169.0,250371.0,303152.0,29073.0,52941.0,1307936.0,81730.0,48960.0,1581921.0,472255.0,1896715.0,241216.0,55627.0,65061.0,94211.0,32461.0,3544.0,64406.0,2750.0,59091.0,2934.0
4695,China,1992,2730.788,2.263,1206711243.0,679077.0,1269084.0,561593.0,140298.0,370263.0,210382.0,63643.0,409170.0,242548.0,280752.0,29297.0,52787.0,1282940.0,76732.0,51868.0,1630883.0,495036.0,1898568.0,248473.0,49965.0,60631.0,98593.0,33011.0,3173.0,59398.0,2451.0,54480.0,2586.0
4696,China,1993,2921.651,2.397,1218817059.0,706222.0,1289060.0,564049.0,143344.0,373551.0,212456.0,57228.0,409128.0,233119.0,256732.0,29732.0,52532.0,1251834.0,71847.0,54649.0,1675896.0,516164.0,1893795.0,256553.0,44869.0,55418.0,102067.0,33849.0,2778.0,53459.0,2172.0,49841.0,2372.0
4697,China,1994,3100.002,2.52,1230020026.0,732454.0,1294318.0,561041.0,144621.0,375840.0,212902.0,52057.0,405017.0,222403.0,233226.0,30205.0,51790.0,1208374.0,66280.0,56351.0,1709262.0,530140.0,1874478.0,262951.0,40665.0,51469.0,106073.0,34528.0,2485.0,47746.0,1954.0,45151.0,2590.0
4698,China,1995,3357.909,2.706,1240920539.0,756797.0,1308786.0,562391.0,147234.0,379678.0,214611.0,46248.0,399339.0,209328.0,208354.0,30404.0,51430.0,1163562.0,61469.0,58208.0,1749745.0,543982.0,1854833.0,271311.0,35963.0,47073.0,109253.0,35244.0,2135.0,41847.0,1739.0,40133.0,2687.0
4699,China,1996,3503.234,2.799,1251636178.0,788648.0,1333416.0,565512.0,151221.0,380318.0,217239.0,41427.0,395095.0,196299.0,185495.0,30653.0,51364.0,1122156.0,56418.0,59841.0,1786638.0,558850.0,1844862.0,281729.0,32001.0,42427.0,110468.0,36120.0,1740.0,36154.0,1562.0,35865.0,2566.0
4700,China,1997,3510.169,2.781,1261996017.0,822117.0,1351725.0,565661.0,154750.0,378711.0,218815.0,36540.0,387024.0,182450.0,163067.0,31300.0,50941.0,1068813.0,50479.0,60212.0,1814060.0,569905.0,1823150.0,293383.0,27982.0,37945.0,109794.0,36952.0,1391.0,30545.0,1378.0,31519.0,2433.0
4701,China,1998,3360.455,2.642,1271982349.0,851597.0,1376407.0,568595.0,159842.0,379913.0,221771.0,32743.0,379815.0,169164.0,142172.0,32189.0,51029.0,1018965.0,44775.0,60864.0,1853196.0,584196.0,1805101.0,307133.0,24843.0,34042.0,110458.0,37892.0,1130.0,25484.0,1235.0,27410.0,2410.0
4702,China,1999,3350.34,2.614,1281514833.0,900664.0,1428559.0,581448.0,167792.0,384568.0,227746.0,29012.0,378736.0,155433.0,122627.0,33875.0,52194.0,986613.0,40308.0,63305.0,1907349.0,610099.0,1819463.0,326083.0,21793.0,30643.0,109373.0,39643.0,927.0,20953.0,1077.0,23654.0,2286.0
4703,China,2000,3439.152,2.665,1290550767.0,946411.0,1500960.0,604421.0,179930.0,395117.0,236990.0,25608.0,381879.0,142797.0,104915.0,36373.0,55079.0,967080.0,37692.0,67495.0,1983144.0,647699.0,1849455.0,347413.0,19019.0,27559.0,107619.0,42283.0,704.0,17174.0,938.0,20248.0,2100.0
4704,China,2001,3514.934,2.706,1299129747.0,982392.0,1555059.0,619292.0,191378.0,400502.0,242782.0,22280.0,380706.0,129623.0,88382.0,39380.0,58106.0,938249.0,35485.0,71343.0,2024758.0,691182.0,1857894.0,363105.0,16373.0,24356.0,100541.0,45054.0,547.0,13923.0,802.0,16967.0,1854.0
4705,China,2002,3872.595,2.962,1307352256.0,1021059.0,1623356.0,640256.0,205101.0,408438.0,249034.0,19310.0,382326.0,116940.0,73649.0,42600.0,61893.0,916409.0,33182.0,75116.0,2068850.0,753061.0,1875572.0,382317.0,14065.0,21690.0,91715.0,49420.0,440.0,11243.0,673.0,14284.0,1514.0
4706,China,2003,4545.014,3.456,1315303522.0,1064319.0,1688880.0,658904.0,220398.0,416441.0,253420.0,16884.0,384056.0,104417.0,61179.0,45795.0,66167.0,893463.0,30871.0,79366.0,2107191.0,820977.0,1893069.0,400645.0,12210.0,19822.0,82769.0,55911.0,358.0,9071.0,558.0,11949.0,1260.0
4707,China,2004,5223.755,3.948,1323084639.0,1118205.0,1763184.0,679827.0,236624.0,427751.0,258207.0,14627.0,388502.0,95035.0,52023.0,49557.0,70666.0,873591.0,28968.0,84162.0,2164624.0,888581.0,1923489.0,421108.0,10468.0,18326.0,77411.0,62489.0,286.0,7487.0,463.0,10076.0,1156.0
4708,China,2005,5876.555,4.416,1330776380.0,1141303.0,1801325.0,684331.0,247005.0,428320.0,255653.0,12363.0,384925.0,87188.0,44747.0,51772.0,73492.0,830923.0,26990.0,87924.0,2169176.0,921108.0,1906271.0,433788.0,8749.0,16602.0,74647.0,66714.0,228.0,6210.0,372.0,8474.0,1029.0
4709,China,2006,6488.804,4.848,1338408644.0,1145841.0,1797274.0,673308.0,250463.0,421719.0,245663.0,10244.0,372632.0,80478.0,38707.0,51520.0,73943.0,763129.0,24549.0,88892.0,2106667.0,903736.0,1843038.0,439518.0,7151.0,14726.0,71912.0,68719.0,175.0,5140.0,289.0,7067.0,882.0
4710,China,2007,6978.612,5.185,1345993891.0,1172324.0,1833328.0,676138.0,257673.0,425344.0,239788.0,8531.0,367122.0,74619.0,33660.0,51730.0,75301.0,706175.0,22580.0,91661.0,2085109.0,893895.0,1813410.0,454164.0,5874.0,13201.0,69979.0,70685.0,139.0,4287.0,226.0,5920.0,753.0
4711,China,2008,7496.832,5.539,1353569480.0,1228816.0,1915151.0,694072.0,270060.0,441141.0,237909.0,7275.0,369387.0,70495.0,30248.0,52763.0,78070.0,663805.0,21203.0,97147.0,2103671.0,899417.0,1825242.0,478071.0,4952.0,12310.0,69722.0,72598.0,109.0,3645.0,178.0,5102.0,666.0
4712,China,2009,7886.533,5.794,1361169410.0,1277236.0,2015943.0,716042.0,285214.0,449065.0,237794.0,6338.0,375065.0,66334.0,27630.0,53296.0,81550.0,627982.0,20234.0,104230.0,2134859.0,916792.0,1843023.0,503967.0,4261.0,11582.0,68413.0,74318.0,78.0,3107.0,145.0,4444.0,606.0
4713,China,2010,8616.653,6.295,1368810604.0,1330666.0,2121106.0,741952.0,302572.0,459307.0,239022.0,5503.0,381547.0,60864.0,25312.0,54615.0,85579.0,598867.0,19690.0,111986.0,2173614.0,945968.0,1870627.0,533220.0,3643.0,10778.0,67547.0,76432.0,48.0,2610.0,119.0,3834.0,534.0
4714,China,2011,9528.556,6.922,1376497633.0,1360873.0,2195255.0,760627.0,315676.0,462594.0,237409.0,4931.0,383243.0,58418.0,23797.0,56047.0,87732.0,566937.0,19017.0,116529.0,2187252.0,972271.0,1874037.0,557531.0,3227.0,10228.0,67020.0,77783.0,32.0,2272.0,99.0,3447.0,471.0
4715,China,2012,9775.622,7.062,1384206408.0,1374597.0,2231508.0,770590.0,322087.0,466486.0,232518.0,4577.0,379388.0,57627.0,22965.0,56538.0,87166.0,529211.0,17975.0,117105.0,2190880.0,987113.0,1854111.0,576568.0,2973.0,9729.0,67076.0,78650.0,27.0,2070.0,87.0,3244.0,420.0
4716,China,2013,9952.744,7.151,1391883335.0,1392905.0,2283516.0,781378.0,331899.0,467612.0,229407.0,4305.0,378857.0,53306.0,22335.0,58674.0,87820.0,497919.0,17191.0,120009.0,2191240.0,1012527.0,1845363.0,597073.0,2775.0,9415.0,68862.0,79478.0,25.0,1878.0,78.0,2939.0,382.0
4717,China,2014,9985.583,7.135,1399453966.0,1414215.0,2330193.0,789557.0,339974.0,471084.0,226951.0,4027.0,379995.0,48744.0,21655.0,63156.0,87767.0,471635.0,16518.0,123246.0,2200567.0,1036740.0,1844224.0,618146.0,2559.0,8921.0,72491.0,81016.0,24.0,1672.0,72.0,2553.0,321.0
4718,China,2015,9848.42,7.0,1406847868.0,1437447.0,2369583.0,799071.0,346841.0,475068.0,225036.0,3963.0,381555.0,51175.0,21894.0,67530.0,87326.0,447926.0,16005.0,125714.0,2218343.0,1053231.0,1848574.0,639810.0,2506.0,8723.0,75533.0,82961.0,28.0,1586.0,64.0,2575.0,319.0
4719,China,2016,9720.444,6.874,1414049353.0,1459220.0,2436311.0,815202.0,356204.0,483726.0,226241.0,4055.0,388950.0,51825.0,23098.0,71644.0,87587.0,434908.0,15869.0,130353.0,2264059.0,1035697.0,1856583.0,667629.0,2568.0,8820.0,78237.0,85328.0,34.0,1597.0,65.0,2636.0,339.0
4720,China,2017,9920.459,6.981,1421021794.0,1462551.0,2484664.0,826476.0,365589.0,489499.0,226763.0,3830.0,395166.0,44107.0,22747.0,73353.0,87558.0,418645.0,15721.0,136222.0,2299693.0,1007336.0,1840441.0,694797.0,2361.0,8272.0,80786.0,86820.0,29.0,1437.0,69.0,2221.0,279.0
4721,China,2018,10289.99,7.208,1427647789.0,1467298.0,2529231.0,835654.0,373499.0,498447.0,228032.0,3454.0,403593.0,38213.0,21374.0,74071.0,86809.0,393814.0,15613.0,141745.0,2344284.0,1024434.0,1828243.0,724651.0,2056.0,7772.0,82950.0,87953.0,23.0,1218.0,59.0,1850.0,228.0
4722,China,2019,10489.989,7.316,1433783692.0,1516904.0,2599879.0,855385.0,383478.0,514659.0,231120.0,3270.0,416054.0,34444.0,20497.0,74859.0,86309.0,363029.0,15706.0,149531.0,2418665.0,1067554.0,1848274.0,764698.0,1900.0,7575.0,85238.0,89857.0,21.0,1048.0,50.0,1637.0,202.0
4723,China,2020,10667.887,7.412,1439323774.0,,,,,,,,,,,,,,,,,,,,,,,,,,,,
7742,Europe,1990,8015.589,11.112,721627205.0,599175.0,2311547.0,296095.0,493518.0,488845.0,183906.0,5797.0,195138.0,90446.0,38514.0,47160.0,184302.0,102583.0,100450.0,176733.0,1592217.0,856476.0,698063.0,909920.0,4182.0,7839.0,40430.0,52684.0,539.0,6186.0,394.0,8453.0,611.0
7743,Europe,1991,7714.386,10.666,723558978.0,600724.0,2331332.0,296991.0,500920.0,502828.0,187333.0,5416.0,194330.0,85204.0,35370.0,49778.0,186927.0,99531.0,100179.0,175923.0,1605501.0,869344.0,696637.0,929365.0,3879.0,7395.0,43532.0,52956.0,455.0,5593.0,366.0,7651.0,585.0
7744,Europe,1992,7078.818,9.765,725190636.0,605893.0,2369560.0,302811.0,512729.0,529170.0,193215.0,5165.0,195411.0,79059.0,33272.0,52212.0,192154.0,96867.0,100668.0,175840.0,1636115.0,885574.0,699328.0,958331.0,3677.0,7132.0,47429.0,53230.0,404.0,5168.0,346.0,7082.0,550.0
7745,Europe,1993,6791.984,9.353,726475543.0,630226.0,2483696.0,315625.0,542370.0,574370.0,207006.0,5080.0,202303.0,74319.0,31673.0,55599.0,205511.0,95434.0,104291.0,180669.0,1708554.0,925847.0,722091.0,1018972.0,3611.0,7117.0,52895.0,54668.0,368.0,4825.0,329.0,6691.0,530.0
7746,Europe,1994,6433.785,8.849,727366460.0,641037.0,2545727.0,322717.0,558902.0,609532.0,215044.0,5051.0,205628.0,71223.0,30176.0,58370.0,212589.0,93606.0,105544.0,182466.0,1745761.0,949962.0,731106.0,1059435.0,3570.0,7096.0,57639.0,55198.0,338.0,4495.0,314.0,6342.0,520.0
7747,Europe,1995,6415.241,8.818,727849824.0,634060.0,2529151.0,319627.0,555401.0,614903.0,213445.0,4775.0,203296.0,66664.0,28394.0,59648.0,209768.0,89945.0,104339.0,182442.0,1733878.0,953468.0,720373.0,1062025.0,3343.0,6915.0,59922.0,54766.0,312.0,4118.0,292.0,5863.0,496.0
7748,Europe,1996,6464.354,8.885,727893714.0,612800.0,2476420.0,311928.0,541474.0,602299.0,207613.0,4434.0,197802.0,62181.0,26488.0,56779.0,202436.0,85430.0,101552.0,180820.0,1687968.0,946322.0,694902.0,1047480.0,3058.0,6586.0,60209.0,53626.0,281.0,3737.0,268.0,5368.0,453.0
7749,Europe,1997,6258.128,8.605,727560614.0,593786.0,2428108.0,305039.0,529205.0,589305.0,202604.0,4202.0,193422.0,58620.0,24795.0,49579.0,195749.0,81273.0,98780.0,179926.0,1645407.0,942121.0,671876.0,1038531.0,2857.0,6299.0,59047.0,52532.0,234.0,3373.0,252.0,4950.0,423.0
7750,Europe,1998,6232.187,8.576,727050549.0,576161.0,2391444.0,297033.0,520563.0,589135.0,199094.0,4022.0,189468.0,55121.0,23020.0,45992.0,190663.0,75973.0,96461.0,180483.0,1615994.0,943054.0,649135.0,1034162.0,2700.0,6059.0,58772.0,52269.0,195.0,3006.0,240.0,4496.0,399.0
7751,Europe,1999,6147.589,8.464,726631490.0,577386.0,2429833.0,298828.0,530361.0,613083.0,204202.0,3850.0,191610.0,51925.0,21439.0,47149.0,194595.0,73491.0,97190.0,184098.0,1636223.0,965954.0,647974.0,1064643.0,2556.0,5960.0,63298.0,53221.0,156.0,2650.0,227.0,4071.0,393.0
7752,Europe,2000,6149.034,8.468,726503736.0,568603.0,2425732.0,297768.0,530186.0,634894.0,204857.0,3577.0,190068.0,48807.0,19715.0,46983.0,194542.0,70367.0,96304.0,183538.0,1631204.0,972080.0,636320.0,1076190.0,2342.0,5753.0,66413.0,53799.0,118.0,2294.0,206.0,3617.0,345.0
7753,Europe,2001,6275.941,8.64,726734626.0,560690.0,2421260.0,296802.0,528773.0,651945.0,203746.0,3294.0,188545.0,46228.0,18031.0,46627.0,193277.0,66937.0,94935.0,183211.0,1622179.0,982988.0,624959.0,1086882.0,2118.0,5523.0,66921.0,54627.0,82.0,1957.0,184.0,3170.0,305.0
7754,Europe,2002,6241.656,8.586,727291447.0,562446.0,2444321.0,298778.0,533842.0,677450.0,204787.0,3051.0,189696.0,43849.0,16523.0,46770.0,194188.0,64156.0,94336.0,185368.0,1634144.0,1010230.0,623328.0,1110661.0,1897.0,5424.0,68031.0,55643.0,71.0,1683.0,161.0,2744.0,282.0
7755,Europe,2003,6387.841,8.777,728130218.0,557305.0,2439631.0,298413.0,532002.0,698721.0,203382.0,2647.0,189421.0,41959.0,15085.0,47480.0,192442.0,60620.0,92691.0,185699.0,1631809.0,1031668.0,614424.0,1125027.0,1627.0,5243.0,70473.0,56352.0,60.0,1443.0,130.0,2329.0,249.0
7756,Europe,2004,6419.131,8.807,729162659.0,540056.0,2373194.0,290466.0,517312.0,704408.0,197027.0,2353.0,184485.0,39427.0,13541.0,46870.0,185953.0,56136.0,88855.0,181281.0,1595806.0,1023815.0,592854.0,1111943.0,1408.0,4954.0,72266.0,55508.0,32.0,1195.0,108.0,1991.0,214.0
7757,Europe,2005,6410.33,8.781,730317947.0,539311.0,2384577.0,292781.0,519472.0,731204.0,197378.0,2139.0,185186.0,36785.0,12542.0,48485.0,186668.0,53163.0,88091.0,182402.0,1603494.0,1040076.0,589901.0,1131482.0,1244.0,4865.0,78207.0,56137.0,22.0,1024.0,90.0,1722.0,198.0
7758,Europe,2006,6509.434,8.902,731594768.0,522697.0,2300601.0,281432.0,498788.0,703118.0,187202.0,1982.0,177423.0,34742.0,11848.0,47435.0,176778.0,48294.0,84305.0,179993.0,1546392.0,1024627.0,568889.0,1101472.0,1110.0,4572.0,77708.0,55571.0,14.0,891.0,77.0,1548.0,182.0
7759,Europe,2007,6457.352,8.814,733004672.0,520819.0,2264863.0,275862.0,490009.0,687113.0,181874.0,1880.0,173545.0,33130.0,11359.0,47583.0,171868.0,44344.0,82555.0,180454.0,1528017.0,1029667.0,563021.0,1096382.0,1022.0,4421.0,78653.0,55960.0,11.0,781.0,68.0,1400.0,172.0
7760,Europe,2008,6384.572,8.696,734500455.0,525167.0,2258972.0,274744.0,488111.0,681894.0,179433.0,1815.0,171891.0,31392.0,11098.0,47860.0,169894.0,40892.0,82251.0,182485.0,1530478.0,1044557.0,563679.0,1105937.0,963.0,4367.0,80472.0,56882.0,10.0,693.0,61.0,1277.0,168.0
7761,Europe,2009,5871.171,7.981,736023880.0,518397.0,2209307.0,269161.0,475185.0,651539.0,172238.0,1706.0,167010.0,30129.0,10942.0,47317.0,162690.0,37423.0,80586.0,182436.0,1501079.0,1044617.0,553249.0,1092231.0,891.0,4217.0,78402.0,56713.0,10.0,632.0,55.0,1182.0,170.0
7762,Europe,2010,6098.535,8.273,737528015.0,515705.0,2202523.0,268340.0,472383.0,637580.0,169917.0,1651.0,164819.0,28402.0,10794.0,47333.0,160815.0,34795.0,80678.0,183211.0,1497110.0,1050093.0,548012.0,1097710.0,848.0,4154.0,78543.0,57546.0,10.0,577.0,51.0,1091.0,155.0
7763,Europe,2011,6023.668,8.155,738977880.0,497830.0,2150814.0,261428.0,460162.0,602590.0,163524.0,1631.0,159585.0,27170.0,10821.0,47147.0,154576.0,32145.0,78864.0,181606.0,1466022.0,1039703.0,527666.0,1079629.0,819.0,4085.0,77315.0,57939.0,11.0,555.0,48.0,1055.0,141.0
7764,Europe,2012,5972.232,8.07,740362612.0,482776.0,2140802.0,260153.0,456226.0,585281.0,160949.0,1653.0,156963.0,26895.0,11115.0,46898.0,151817.0,30232.0,78423.0,181962.0,1457738.0,1043450.0,510703.0,1082783.0,813.0,4129.0,77063.0,59367.0,10.0,546.0,48.0,1054.0,131.0
7765,Europe,2013,5815.575,7.845,741688141.0,463113.0,2122554.0,257153.0,451304.0,570809.0,158290.0,1670.0,154041.0,25821.0,11089.0,45727.0,148661.0,28284.0,77810.0,181337.0,1445032.0,1042463.0,489083.0,1083478.0,799.0,4176.0,76195.0,60356.0,9.0,507.0,46.0,992.0,132.0
7766,Europe,2014,5589.757,7.527,742972976.0,444848.0,2117577.0,258396.0,448089.0,563858.0,156494.0,1669.0,152449.0,24931.0,11033.0,46808.0,146154.0,26919.0,77533.0,181139.0,1439705.0,1045845.0,469466.0,1091206.0,783.0,4238.0,78291.0,61187.0,8.0,471.0,43.0,934.0,133.0
7767,Europe,2015,5594.384,7.521,744222365.0,441116.0,2169338.0,262962.0,460468.0,569565.0,160490.0,1675.0,154917.0,23463.0,11139.0,48158.0,149759.0,26316.0,78854.0,185688.0,1471742.0,1075058.0,465120.0,1125523.0,772.0,4373.0,80586.0,63623.0,7.0,429.0,40.0,849.0,132.0
7768,Europe,2016,5590.253,7.503,745441379.0,416684.0,2158032.0,260952.0,456877.0,558679.0,158521.0,1648.0,152947.0,22320.0,11129.0,49011.0,147212.0,24879.0,78390.0,189889.0,1457054.0,1080747.0,439340.0,1125358.0,747.0,4365.0,80542.0,64209.0,6.0,392.0,38.0,782.0,127.0
7769,Europe,2017,5620.307,7.532,746596841.0,399625.0,2147834.0,259497.0,455169.0,548964.0,156695.0,1582.0,151661.0,20338.0,10944.0,47259.0,145115.0,23776.0,77830.0,197680.0,1442710.0,1091730.0,421404.0,1123393.0,704.0,4290.0,78092.0,64196.0,5.0,342.0,34.0,693.0,120.0
7770,Europe,2018,5593.057,7.485,747608696.0,404208.0,2181988.0,263054.0,462990.0,551694.0,158469.0,1526.0,153733.0,19188.0,10935.0,46674.0,146677.0,23022.0,79079.0,203456.0,1450795.0,1117428.0,425209.0,1141769.0,665.0,4274.0,77613.0,65275.0,5.0,322.0,33.0,652.0,117.0
7771,Europe,2019,5430.239,7.26,748381389.0,408918.0,2214718.0,266079.0,469920.0,557171.0,159711.0,1481.0,156294.0,18001.0,10903.0,46148.0,147216.0,22109.0,80163.0,208810.0,1461251.0,1145400.0,428897.0,1160691.0,633.0,4269.0,77321.0,66348.0,5.0,295.0,31.0,607.0,113.0
7772,Europe,2020,4946.034,6.608,748843405.0,,,,,,,,,,,,,,,,,,,,,,,,,,,,
10947,India,1990,578.518,0.662,873277799.0,322671.0,640553.0,81961.0,108932.0,173975.0,128929.0,915902.0,161110.0,972137.0,849262.0,30411.0,70930.0,1040986.0,73653.0,32865.0,637869.0,322957.0,1332685.0,109108.0,703320.0,380370.0,30233.0,44690.0,46193.0,214526.0,5478.0,90848.0,30361.0
10948,India,1991,615.925,0.691,891273202.0,329345.0,665323.0,84350.0,112071.0,179349.0,133299.0,933268.0,163494.0,954003.0,819841.0,31075.0,72912.0,1044123.0,75468.0,34127.0,662183.0,340375.0,1340608.0,115471.0,716901.0,384798.0,31534.0,46519.0,46444.0,209734.0,5361.0,87879.0,30251.0
10949,India,1992,656.033,0.722,909307018.0,334555.0,684702.0,86085.0,114326.0,182437.0,136438.0,950840.0,165299.0,946934.0,794553.0,32793.0,74240.0,1042553.0,76621.0,35346.0,673847.0,354870.0,1343393.0,122258.0,730618.0,390012.0,32732.0,48085.0,47111.0,206461.0,4887.0,85227.0,30360.0
10950,India,1993,677.916,0.731,927403866.0,339977.0,696166.0,86746.0,116179.0,183159.0,138201.0,916145.0,164874.0,934532.0,760213.0,34257.0,75371.0,1031647.0,77132.0,36392.0,680026.0,362900.0,1336597.0,127074.0,701216.0,373407.0,34596.0,49679.0,43664.0,197611.0,4317.0,80658.0,28935.0
10951,India,1994,716.918,0.758,945601828.0,345727.0,709404.0,88031.0,118722.0,185338.0,140603.0,875963.0,164582.0,920390.0,731204.0,37343.0,77079.0,1020277.0,78109.0,37335.0,686429.0,371785.0,1330688.0,133524.0,667401.0,355557.0,36783.0,50850.0,40487.0,189894.0,3865.0,75921.0,27883.0
10952,India,1995,762.121,0.791,963922586.0,352089.0,717731.0,88408.0,119609.0,185819.0,141319.0,857785.0,164169.0,911109.0,708705.0,41468.0,77549.0,1006124.0,78061.0,38110.0,684775.0,378764.0,1322703.0,138710.0,651293.0,347593.0,38300.0,51875.0,38945.0,184668.0,3509.0,71717.0,26744.0
10953,India,1996,825.919,0.841,982365248.0,367599.0,756114.0,92342.0,125244.0,190747.0,147295.0,839448.0,167334.0,893850.0,676518.0,48539.0,81087.0,1010914.0,81083.0,40201.0,708557.0,401293.0,1342791.0,150158.0,634062.0,338797.0,41003.0,54218.0,36738.0,176198.0,3239.0,67211.0,26230.0
10954,India,1997,859.686,0.859,1000900028.0,400607.0,822862.0,99807.0,135250.0,201613.0,157874.0,840661.0,175033.0,884440.0,646922.0,58426.0,87610.0,1041557.0,86901.0,44191.0,758111.0,441714.0,1402370.0,168297.0,631382.0,337967.0,44971.0,58153.0,34309.0,168844.0,3115.0,63524.0,26897.0
10955,India,1998,877.698,0.861,1019483586.0,422095.0,848030.0,101999.0,138040.0,204461.0,159505.0,837221.0,176351.0,878126.0,614848.0,69600.0,89498.0,1033225.0,88171.0,46799.0,762687.0,462976.0,1412747.0,180278.0,626027.0,333751.0,47925.0,60154.0,32444.0,161188.0,3192.0,60825.0,26694.0
10956,India,1999,951.749,0.917,1038058154.0,435884.0,843530.0,101014.0,137265.0,206391.0,156336.0,828466.0,172624.0,864935.0,583851.0,81869.0,89180.0,995246.0,87056.0,47618.0,743475.0,467137.0,1385403.0,188282.0,616856.0,328969.0,50955.0,60708.0,31786.0,154231.0,3396.0,59751.0,26661.0
10957,India,2000,978.919,0.926,1056575548.0,453042.0,864311.0,102693.0,140283.0,208534.0,157879.0,815015.0,172871.0,849375.0,552814.0,94411.0,91054.0,980037.0,88170.0,49823.0,752782.0,486598.0,1387431.0,199801.0,603501.0,323019.0,54225.0,62518.0,30784.0,146544.0,3255.0,59474.0,26268.0
10958,India,2001,992.56,0.923,1075000094.0,474904.0,898830.0,105945.0,145530.0,211293.0,161994.0,795489.0,175201.0,831596.0,518825.0,107149.0,94383.0,976355.0,90673.0,52791.0,766418.0,513274.0,1404542.0,214756.0,583556.0,313722.0,57840.0,65310.0,28060.0,137100.0,2834.0,58130.0,25267.0
10959,India,2002,1023.027,0.936,1093317187.0,490657.0,926242.0,108707.0,150009.0,214359.0,164593.0,773043.0,176238.0,821741.0,490119.0,119009.0,97162.0,965887.0,92533.0,54826.0,770991.0,537470.0,1410495.0,230941.0,562109.0,304129.0,61173.0,67503.0,25954.0,129304.0,2479.0,56992.0,23514.0
10960,India,2003,1059.616,0.953,1111523146.0,504253.0,928592.0,109356.0,150818.0,215893.0,162951.0,750029.0,173064.0,810853.0,464829.0,127281.0,97462.0,935475.0,92131.0,55135.0,764652.0,550550.0,1391459.0,242659.0,541653.0,295466.0,63340.0,68165.0,24221.0,122699.0,2321.0,56784.0,21537.0
10961,India,2004,1125.471,0.996,1129623466.0,502969.0,903865.0,106475.0,147067.0,214902.0,157032.0,720411.0,167120.0,799974.0,444206.0,135774.0,94877.0,885337.0,89117.0,54090.0,728560.0,544812.0,1341668.0,246267.0,516626.0,284614.0,65302.0,67460.0,22684.0,116866.0,2250.0,56791.0,20445.0
10962,India,2005,1185.953,1.033,1147609924.0,535090.0,949979.0,111531.0,153969.0,224046.0,163695.0,713215.0,171751.0,784466.0,421712.0,141125.0,99392.0,887079.0,92683.0,57670.0,750211.0,578231.0,1373204.0,263548.0,510020.0,282975.0,68790.0,71404.0,20941.0,110842.0,2052.0,55413.0,20176.0
10963,India,2006,1259.744,1.081,1165486291.0,577218.0,1012901.0,118738.0,165137.0,234445.0,173490.0,713009.0,178408.0,765114.0,400807.0,144127.0,106825.0,896056.0,98405.0,62733.0,782949.0,616070.0,1420870.0,283314.0,508258.0,282732.0,70925.0,75337.0,19369.0,104312.0,1727.0,52990.0,19282.0
10964,India,2007,1358.152,1.148,1183209471.0,622397.0,1068144.0,126005.0,175585.0,247994.0,182627.0,709716.0,182917.0,747167.0,378856.0,142351.0,113916.0,894620.0,103584.0,66871.0,811799.0,647545.0,1458927.0,302018.0,505335.0,281240.0,72877.0,78764.0,17907.0,97935.0,1451.0,50221.0,17927.0
10965,India,2008,1462.815,1.218,1200669762.0,664107.0,1118182.0,132930.0,185054.0,263041.0,190943.0,706437.0,187039.0,729991.0,358652.0,137955.0,120289.0,889531.0,108078.0,70825.0,843922.0,676959.0,1493106.0,318518.0,502654.0,278987.0,74589.0,82265.0,16571.0,91996.0,1345.0,47707.0,17129.0
10966,India,2009,1612.817,1.324,1217726217.0,672897.0,1118580.0,134895.0,187618.0,267579.0,191486.0,670101.0,182644.0,710238.0,334787.0,129498.0,122547.0,845448.0,108354.0,70463.0,834257.0,674829.0,1461801.0,324096.0,474795.0,262850.0,73644.0,80365.0,14767.0,84914.0,1333.0,44975.0,16277.0
10967,India,2010,1677.888,1.359,1234281163.0,698690.0,1144625.0,139610.0,193712.0,275927.0,196674.0,656752.0,183654.0,690829.0,312757.0,120822.0,127185.0,815170.0,111082.0,71419.0,839321.0,688217.0,1459403.0,340185.0,464327.0,253927.0,73706.0,81117.0,13029.0,77891.0,1370.0,42598.0,15886.0
10968,India,2011,1780.13,1.424,1250287939.0,759829.0,1195889.0,146278.0,204226.0,287311.0,206002.0,657545.0,190712.0,670211.0,288333.0,113189.0,134471.0,797144.0,115854.0,76479.0,866424.0,730378.0,1497826.0,366327.0,464635.0,247422.0,73479.0,84554.0,11042.0,69630.0,1405.0,40072.0,15119.0
10969,India,2012,1963.586,1.551,1265780243.0,831016.0,1240414.0,151058.0,214172.0,298990.0,214877.0,628812.0,198740.0,649914.0,267870.0,105661.0,141131.0,774716.0,119960.0,82643.0,897107.0,782115.0,1541016.0,394472.0,442136.0,233647.0,70870.0,86410.0,8708.0,61448.0,1467.0,38379.0,13815.0
10970,India,2013,2036.937,1.59,1280842119.0,912685.0,1273818.0,153200.0,221965.0,305893.0,221047.0,607206.0,207695.0,634667.0,244399.0,101332.0,145820.0,745011.0,122612.0,90639.0,928342.0,830862.0,1584768.0,420136.0,423284.0,223116.0,68810.0,92541.0,6493.0,53385.0,1478.0,36106.0,13172.0
10971,India,2014,2185.856,1.687,1295600768.0,963512.0,1283693.0,153096.0,224801.0,304963.0,223118.0,571532.0,212565.0,603723.0,214181.0,94655.0,147416.0,703919.0,122496.0,95940.0,940835.0,862885.0,1591958.0,439643.0,392541.0,207474.0,65341.0,96438.0,4744.0,44864.0,1410.0,32886.0,11658.0
10972,India,2015,2268.567,1.732,1310152392.0,1002184.0,1318329.0,157998.0,231006.0,310787.0,230225.0,549684.0,217804.0,580133.0,188319.0,88879.0,151940.0,680666.0,125285.0,98524.0,950678.0,895580.0,1607975.0,470586.0,368609.0,196357.0,65276.0,100083.0,3652.0,38422.0,1274.0,29544.0,10831.0
10973,India,2016,2382.223,1.799,1324517250.0,1018770.0,1353254.0,162860.0,237170.0,319661.0,236976.0,528733.0,220532.0,526329.0,159248.0,83701.0,156060.0,659164.0,127802.0,101619.0,963334.0,927521.0,1600197.0,497483.0,344439.0,185663.0,65608.0,103610.0,2954.0,32012.0,1067.0,25063.0,10240.0
10974,India,2017,2433.856,1.818,1338676779.0,1039734.0,1384021.0,166047.0,242345.0,328704.0,242209.0,530729.0,224680.0,490401.0,143799.0,79182.0,159056.0,645007.0,129320.0,105730.0,978659.0,960169.0,1604105.0,519356.0,334884.0,183737.0,66436.0,108079.0,2676.0,28466.0,956.0,22624.0,9830.0
10975,India,2018,2599.806,1.922,1352642283.0,1093823.0,1434427.0,170456.0,251795.0,336620.0,250250.0,520537.0,233816.0,469233.0,130298.0,78030.0,163128.0,633389.0,132315.0,104328.0,1003887.0,1032876.0,1644708.0,548616.0,313943.0,179469.0,68946.0,114345.0,2129.0,25024.0,794.0,20020.0,10143.0
10976,India,2019,2625.968,1.922,1366417756.0,1147669.0,1471889.0,174797.0,258257.0,343695.0,256232.0,508290.0,240098.0,445535.0,118283.0,78979.0,164172.0,606890.0,134007.0,96012.0,1013282.0,1121914.0,1667331.0,579108.0,291103.0,173939.0,72903.0,118682.0,1501.0,21575.0,676.0,17973.0,10098.0
10977,India,2020,2441.792,1.769,1380004385.0,,,,,,,,,,,,,,,,,,,,,,,,,,,,
16383,North America,1990,5984.512,14.126,427517667.0,110408.0,543428.0,35613.0,112336.0,84305.0,46114.0,92.0,48289.0,18103.0,3085.0,29411.0,13935.0,461.0,26697.0,49880.0,566060.0,277519.0,110043.0,249856.0,93.0,860.0,26578.0,12258.0,0.0,43.0,11.0,211.0,62.0
16384,North America,1991,5932.717,13.827,432663821.0,109722.0,541138.0,35577.0,111803.0,83462.0,45534.0,100.0,48003.0,17170.0,3138.0,33136.0,13469.0,449.0,26144.0,52167.0,564725.0,268246.0,109362.0,255063.0,98.0,872.0,28176.0,12494.0,0.0,41.0,12.0,204.0,60.0
16385,North America,1992,6057.23,13.941,438123767.0,109047.0,538643.0,35645.0,111052.0,82895.0,44923.0,107.0,47613.0,16198.0,3205.0,36438.0,13031.0,437.0,25627.0,54555.0,562438.0,260526.0,108664.0,260058.0,103.0,882.0,29956.0,12788.0,0.0,38.0,12.0,192.0,59.0
16386,North America,1993,6163.883,14.009,443652234.0,111159.0,549746.0,36684.0,113153.0,84110.0,45445.0,119.0,48314.0,15744.0,3374.0,39740.0,13024.0,437.0,25906.0,58371.0,571821.0,261416.0,110743.0,271042.0,113.0,918.0,32298.0,13430.0,0.0,36.0,12.0,187.0,59.0
16387,North America,1994,6288.26,14.111,449318541.0,111941.0,551590.0,37177.0,113225.0,84480.0,45188.0,131.0,48126.0,15038.0,3515.0,43411.0,12830.0,429.0,25793.0,60742.0,571987.0,260616.0,111436.0,277954.0,123.0,935.0,34247.0,13951.0,0.0,34.0,12.0,179.0,60.0
16388,North America,1995,6350.638,14.068,455163076.0,112758.0,556307.0,37904.0,113864.0,85097.0,45163.0,147.0,48143.0,14231.0,3696.0,43945.0,12776.0,426.0,25893.0,62480.0,574961.0,264386.0,112213.0,285852.0,135.0,955.0,35621.0,14565.0,0.0,32.0,11.0,169.0,56.0
16389,North America,1996,6576.288,14.376,461221136.0,111733.0,554902.0,38371.0,113042.0,84858.0,44493.0,167.0,47365.0,13712.0,3882.0,34571.0,12690.0,419.0,25838.0,62879.0,569882.0,267738.0,111170.0,290322.0,150.0,963.0,34824.0,15221.0,0.0,30.0,11.0,163.0,58.0
16390,North America,1997,6695.065,14.44,467453761.0,111007.0,553224.0,39079.0,112216.0,84905.0,43721.0,196.0,46495.0,13577.0,4101.0,22998.0,12702.0,410.0,25924.0,63179.0,564853.0,272206.0,110387.0,294451.0,175.0,970.0,34085.0,15815.0,0.0,29.0,11.0,160.0,61.0
16391,North America,1998,6765.938,14.398,473738721.0,111276.0,555869.0,40202.0,112414.0,85576.0,43276.0,238.0,45893.0,13707.0,4365.0,20172.0,12888.0,403.0,26320.0,63953.0,564510.0,280071.0,110571.0,300621.0,209.0,979.0,35417.0,16532.0,0.0,28.0,10.0,158.0,58.0
16392,North America,1999,6861.782,14.413,479907387.0,111503.0,561832.0,41544.0,113549.0,86717.0,43236.0,312.0,45429.0,13770.0,4693.0,21375.0,13175.0,395.0,27018.0,65215.0,566946.0,290678.0,110763.0,309230.0,270.0,956.0,38019.0,17501.0,0.0,26.0,9.0,151.0,65.0
16393,North America,2000,7107.692,14.746,486124198.0,109735.0,559468.0,42236.0,112794.0,88620.0,42846.0,399.0,44564.0,13756.0,4831.0,20759.0,13194.0,383.0,27281.0,65069.0,564430.0,297214.0,109021.0,314946.0,340.0,944.0,40486.0,18402.0,0.0,25.0,9.0,146.0,70.0
16394,North America,2001,7014.631,14.385,491771508.0,107989.0,552494.0,42693.0,111904.0,91700.0,42476.0,428.0,43578.0,13582.0,4827.0,20308.0,13154.0,367.0,27494.0,63643.0,561573.0,305362.0,107277.0,320489.0,403.0,929.0,43297.0,19312.0,0.0,24.0,9.0,143.0,74.0
16395,North America,2002,7068.126,14.336,497173033.0,106490.0,542292.0,43207.0,111139.0,95217.0,42208.0,458.0,42600.0,13784.0,4817.0,20464.0,13127.0,350.0,27824.0,61024.0,560264.0,317128.0,105767.0,326463.0,477.0,932.0,46756.0,20153.0,0.0,24.0,8.0,143.0,72.0
16396,North America,2003,7183.859,14.416,502448468.0,103119.0,525605.0,43278.0,109241.0,98543.0,41552.0,479.0,41202.0,13929.0,4708.0,20286.0,12946.0,328.0,27820.0,57576.0,555112.0,327299.0,102447.0,329985.0,554.0,931.0,49936.0,20889.0,0.0,24.0,8.0,143.0,90.0
16397,North America,2004,7282.769,14.46,507773688.0,98804.0,502485.0,42656.0,105558.0,100631.0,40358.0,496.0,39282.0,13839.0,4557.0,19770.0,12536.0,303.0,27381.0,53965.0,543304.0,331925.0,98144.0,328461.0,633.0,921.0,52289.0,21361.0,0.0,23.0,8.0,138.0,104.0
16398,North America,2005,7330.253,14.397,513270901.0,97217.0,495050.0,43070.0,104783.0,104957.0,40143.0,516.0,38502.0,14093.0,4547.0,19488.0,12474.0,287.0,27628.0,52938.0,542585.0,342198.0,96522.0,333999.0,728.0,940.0,55506.0,22289.0,0.0,23.0,8.0,136.0,115.0
16399,North America,2006,7265.229,14.111,518977613.0,94332.0,483063.0,42979.0,102689.0,107819.0,39569.0,541.0,37331.0,14202.0,4439.0,19142.0,12198.0,270.0,27522.0,51918.0,536831.0,349202.0,93593.0,335219.0,811.0,941.0,57996.0,22915.0,0.0,23.0,8.0,133.0,118.0
16400,North America,2007,7376.089,14.165,524838651.0,89246.0,471151.0,42902.0,100662.0,110878.0,39047.0,543.0,36157.0,14236.0,4431.0,18511.0,11883.0,251.0,27449.0,51175.0,531740.0,360053.0,88566.0,336373.0,857.0,941.0,59795.0,23637.0,0.0,23.0,7.0,127.0,121.0
16401,North America,2008,7158.262,13.592,530772206.0,84461.0,465202.0,43340.0,100136.0,114342.0,39074.0,533.0,35556.0,13706.0,4464.0,17781.0,11744.0,236.0,27759.0,51179.0,532585.0,375475.0,83871.0,341185.0,884.0,953.0,61797.0,24425.0,0.0,22.0,7.0,118.0,126.0
16402,North America,2009,6670.754,12.526,536655895.0,79481.0,456614.0,43401.0,98673.0,117478.0,38731.0,504.0,34752.0,12858.0,4457.0,17128.0,11467.0,220.0,27673.0,50504.0,528437.0,384022.0,78952.0,343448.0,871.0,947.0,64020.0,24931.0,0.0,20.0,6.0,108.0,124.0
16403,North America,2010,6875.767,12.773,542398372.0,75944.0,454067.0,43583.0,97754.0,119952.0,38457.0,474.0,34098.0,12112.0,4534.0,15987.0,11305.0,207.0,27634.0,50217.0,523345.0,388097.0,75433.0,346227.0,856.0,947.0,66075.0,25617.0,0.0,19.0,6.0,98.0,114.0
16404,North America,2011,6771.608,12.45,547977698.0,75448.0,459953.0,44380.0,98420.0,123985.0,38752.0,479.0,34160.0,11884.0,4684.0,15580.0,11320.0,198.0,27886.0,50077.0,525940.0,392159.0,74882.0,352861.0,857.0,968.0,69653.0,26561.0,0.0,18.0,6.0,93.0,121.0
16405,North America,2012,6580.283,11.978,553416150.0,73033.0,464803.0,45072.0,98656.0,127649.0,38969.0,473.0,34147.0,11755.0,4837.0,15343.0,11261.0,189.0,28039.0,49247.0,526736.0,395138.0,72507.0,358859.0,841.0,977.0,73044.0,27289.0,0.0,17.0,6.0,89.0,127.0
16406,North America,2013,6714.924,12.106,558712190.0,70771.0,472588.0,45977.0,99316.0,131568.0,39309.0,466.0,34337.0,11705.0,5073.0,15268.0,11223.0,181.0,28275.0,48293.0,529315.0,399728.0,70289.0,366423.0,820.0,995.0,77334.0,28206.0,0.0,17.0,6.0,87.0,137.0
16407,North America,2014,6753.943,12.063,563874425.0,68018.0,481445.0,46933.0,100178.0,135719.0,39756.0,458.0,34624.0,11571.0,5389.0,15270.0,11164.0,174.0,28541.0,47427.0,532269.0,405541.0,67605.0,375036.0,799.0,1005.0,82875.0,28995.0,0.0,17.0,6.0,86.0,140.0
16408,North America,2015,6612.704,11.704,568911289.0,66704.0,493135.0,48113.0,101837.0,140499.0,40366.0,452.0,35107.0,11502.0,5783.0,15182.0,11176.0,168.0,28950.0,47005.0,536927.0,414513.0,66304.0,385453.0,780.0,1024.0,89911.0,29804.0,0.0,17.0,6.0,87.0,141.0
16409,North America,2016,6471.36,11.353,573814461.0,64353.0,502768.0,49285.0,103631.0,145140.0,41030.0,442.0,35782.0,11307.0,6077.0,15567.0,10970.0,161.0,29215.0,46263.0,543602.0,424136.0,63973.0,396001.0,753.0,1030.0,98475.0,30334.0,0.0,17.0,6.0,86.0,147.0
16410,North America,2017,6412.982,11.155,578582963.0,62260.0,505475.0,49754.0,104755.0,145947.0,41415.0,431.0,36231.0,10928.0,5945.0,15456.0,10767.0,155.0,29164.0,45082.0,547388.0,431279.0,61904.0,400596.0,734.0,1039.0,103348.0,30086.0,0.0,16.0,6.0,84.0,129.0
16411,North America,2018,6588.63,11.366,582921781.0,63781.0,522055.0,51548.0,108474.0,148614.0,42776.0,437.0,37627.0,10538.0,6064.0,15391.0,11047.0,157.0,29839.0,44254.0,564622.0,450891.0,63424.0,413083.0,746.0,1074.0,106376.0,30878.0,0.0,15.0,5.0,82.0,123.0
16412,North America,2019,6460.726,11.056,587512621.0,64974.0,537111.0,52807.0,111500.0,150307.0,43827.0,441.0,38833.0,10327.0,6215.0,15383.0,11328.0,159.0,30234.0,42897.0,577443.0,470194.0,64620.0,423753.0,752.0,1106.0,109800.0,31651.0,0.0,15.0,5.0,81.0,116.0
16413,North America,2020,5775.159,9.805,592062319.0,,,,,,,,,,,,,,,,,,,,,,,,,,,,
17224,Oceania,1990,310.806,11.547,27298693.0,609.0,4619.0,873.0,1201.0,675.0,937.0,2657.0,1639.0,2976.0,4567.0,321.0,195.0,8470.0,730.0,380.0,5732.0,5068.0,9076.0,3620.0,2006.0,1362.0,159.0,170.0,184.0,1324.0,39.0,436.0,150.0
17225,Oceania,1991,314.08,11.491,27725243.0,637.0,4814.0,919.0,1241.0,674.0,967.0,2689.0,1691.0,3030.0,4613.0,332.0,195.0,8628.0,751.0,402.0,5845.0,5346.0,9259.0,3821.0,2032.0,1376.0,163.0,180.0,179.0,1332.0,39.0,440.0,156.0
17226,Oceania,1992,320.397,11.526,28147954.0,665.0,5007.0,963.0,1279.0,659.0,998.0,2703.0,1744.0,3055.0,4641.0,344.0,195.0,8771.0,770.0,426.0,5952.0,5635.0,9428.0,4027.0,2043.0,1384.0,167.0,184.0,173.0,1335.0,39.0,442.0,160.0
17227,Oceania,1993,325.284,11.531,28566202.0,691.0,5184.0,1004.0,1313.0,645.0,1025.0,2693.0,1789.0,3094.0,4647.0,357.0,196.0,8869.0,786.0,449.0,6034.0,5918.0,9551.0,4224.0,2035.0,1378.0,170.0,190.0,169.0,1336.0,39.0,441.0,160.0
17228,Oceania,1994,334.357,11.683,28979990.0,715.0,5357.0,1042.0,1348.0,629.0,1053.0,2678.0,1832.0,3129.0,4634.0,385.0,198.0,8961.0,802.0,474.0,6116.0,6207.0,9668.0,4424.0,2023.0,1368.0,173.0,200.0,167.0,1340.0,38.0,439.0,161.0
17229,Oceania,1995,342.43,11.799,29389629.0,739.0,5530.0,1077.0,1386.0,616.0,1085.0,2679.0,1881.0,3172.0,4641.0,436.0,202.0,9080.0,820.0,500.0,6211.0,6520.0,9816.0,4634.0,2024.0,1365.0,178.0,205.0,161.0,1349.0,38.0,439.0,164.0
17230,Oceania,1996,352.295,11.974,29796471.0,776.0,5729.0,1111.0,1433.0,611.0,1120.0,2698.0,1937.0,3217.0,4695.0,511.0,208.0,9231.0,843.0,526.0,6325.0,6831.0,10007.0,4870.0,2039.0,1374.0,186.0,214.0,157.0,1369.0,38.0,442.0,169.0
17231,Oceania,1997,365.059,12.241,30201872.0,819.0,5947.0,1152.0,1482.0,613.0,1156.0,2711.0,1994.0,3274.0,4738.0,624.0,215.0,9397.0,868.0,553.0,6465.0,7160.0,10217.0,5113.0,2049.0,1376.0,194.0,291.0,152.0,1382.0,38.0,444.0,173.0
17232,Oceania,1998,375.523,12.426,30607344.0,866.0,6145.0,1185.0,1526.0,640.0,1187.0,2803.0,2072.0,3367.0,4853.0,789.0,225.0,9692.0,892.0,577.0,6587.0,7462.0,10557.0,5317.0,2119.0,1428.0,204.0,231.0,113.0,1335.0,40.0,459.0,179.0
17233,Oceania,1999,384.92,12.569,31014222.0,919.0,6455.0,1235.0,1603.0,606.0,1243.0,2857.0,2155.0,3457.0,4863.0,1019.0,238.0,9954.0,931.0,613.0,6797.0,7913.0,10872.0,5657.0,2160.0,1453.0,218.0,245.0,106.0,1333.0,41.0,466.0,185.0
17234,Oceania,2000,391.481,12.616,31425087.0,957.0,6711.0,1274.0,1669.0,596.0,1290.0,2899.0,2227.0,3550.0,4934.0,1307.0,252.0,10174.0,964.0,648.0,6953.0,8305.0,11129.0,5936.0,2190.0,1468.0,230.0,251.0,113.0,1354.0,41.0,476.0,186.0
17235,Oceania,2001,402.803,12.811,31837552.0,975.0,6931.0,1301.0,1725.0,596.0,1324.0,2919.0,2285.0,3654.0,4993.0,1646.0,268.0,10384.0,994.0,670.0,7084.0,8581.0,11356.0,6125.0,2210.0,1481.0,243.0,260.0,124.0,1384.0,41.0,481.0,188.0
17236,Oceania,2002,410.291,12.879,32254898.0,991.0,7194.0,1335.0,1783.0,596.0,1367.0,2968.0,2359.0,3757.0,5090.0,2018.0,288.0,10641.0,1026.0,700.0,7250.0,8946.0,11630.0,6362.0,2249.0,1498.0,259.0,270.0,148.0,1435.0,41.0,492.0,193.0
17237,Oceania,2003,419.067,12.977,32691407.0,1014.0,7496.0,1373.0,1856.0,598.0,1424.0,2986.0,2446.0,3873.0,5207.0,2374.0,310.0,10921.0,1064.0,739.0,7468.0,9428.0,11932.0,6684.0,2264.0,1502.0,276.0,281.0,180.0,1519.0,40.0,501.0,196.0
17238,Oceania,2004,432.907,13.211,33165766.0,1029.0,7747.0,1400.0,1917.0,602.0,1470.0,3045.0,2533.0,3960.0,5310.0,2679.0,331.0,11244.0,1099.0,765.0,7656.0,9817.0,12271.0,6906.0,2309.0,1530.0,291.0,292.0,185.0,1541.0,41.0,516.0,199.0
17239,Oceania,2005,435.364,13.077,33690212.0,1067.0,8068.0,1441.0,2002.0,616.0,1533.0,3172.0,2647.0,3999.0,5383.0,2930.0,351.0,11659.0,1144.0,798.0,7907.0,10313.0,12723.0,7217.0,2408.0,1590.0,306.0,304.0,135.0,1465.0,45.0,537.0,204.0
17240,Oceania,2006,444.998,13.136,34271072.0,1120.0,8387.0,1480.0,2083.0,632.0,1583.0,3270.0,2737.0,4045.0,5457.0,3085.0,365.0,11966.0,1190.0,820.0,8137.0,10678.0,13079.0,7425.0,2481.0,1634.0,318.0,314.0,97.0,1413.0,47.0,553.0,207.0
17241,Oceania,2007,450.773,13.063,34900926.0,1188.0,8709.0,1518.0,2168.0,656.0,1638.0,3303.0,2823.0,4087.0,5500.0,3132.0,380.0,12203.0,1236.0,846.0,8378.0,11126.0,13382.0,7610.0,2505.0,1641.0,329.0,324.0,84.0,1413.0,48.0,556.0,211.0
17242,Oceania,2008,457.879,13.018,35561162.0,1262.0,8971.0,1545.0,2233.0,671.0,1677.0,3298.0,2885.0,4129.0,5512.0,3184.0,390.0,12318.0,1269.0,866.0,8559.0,11493.0,13568.0,7707.0,2499.0,1627.0,337.0,334.0,86.0,1421.0,47.0,557.0,210.0
17243,Oceania,2009,447.03,12.474,36225138.0,1323.0,9215.0,1575.0,2293.0,698.0,1710.0,3418.0,2938.0,4176.0,5605.0,3311.0,402.0,12427.0,1305.0,881.0,8743.0,11798.0,13739.0,7762.0,2588.0,1639.0,348.0,354.0,100.0,1458.0,50.0,577.0,210.0
17244,Oceania,2010,451.057,12.362,36873069.0,1387.0,9540.0,1619.0,2379.0,722.0,1767.0,3403.0,3021.0,4218.0,5595.0,3468.0,418.0,12656.0,1352.0,906.0,9019.0,12251.0,14041.0,7956.0,2575.0,1631.0,364.0,358.0,98.0,1457.0,49.0,570.0,212.0
17245,Oceania,2011,451.766,12.173,37498324.0,1442.0,9852.0,1669.0,2467.0,753.0,1826.0,3313.0,3102.0,4262.0,5506.0,3590.0,432.0,12851.0,1399.0,936.0,9286.0,12764.0,14297.0,8226.0,2503.0,1610.0,380.0,370.0,106.0,1458.0,46.0,549.0,210.0
17246,Oceania,2012,450.53,11.945,38104732.0,1500.0,10114.0,1716.0,2543.0,794.0,1876.0,3295.0,3172.0,4316.0,5469.0,3643.0,441.0,13016.0,1438.0,965.0,9514.0,13242.0,14518.0,8453.0,2487.0,1607.0,390.0,402.0,108.0,1443.0,45.0,545.0,203.0
17247,Oceania,2013,440.883,11.51,38695742.0,1557.0,10338.0,1758.0,2609.0,796.0,1916.0,3281.0,3229.0,4364.0,5386.0,3651.0,446.0,13131.0,1472.0,991.0,9685.0,13666.0,14685.0,8656.0,2473.0,1613.0,398.0,387.0,94.0,1389.0,45.0,540.0,201.0
17248,Oceania,2014,449.081,11.549,39278630.0,1616.0,10606.0,1806.0,2689.0,822.0,1967.0,3254.0,3296.0,4412.0,5320.0,3656.0,453.0,13265.0,1513.0,1023.0,9896.0,14170.0,14874.0,8916.0,2448.0,1594.0,407.0,396.0,97.0,1375.0,44.0,530.0,202.0
17249,Oceania,2015,453.845,11.501,39858693.0,1672.0,10923.0,1860.0,2784.0,853.0,2028.0,3207.0,3376.0,4464.0,5318.0,3733.0,464.0,13429.0,1560.0,1060.0,10151.0,14749.0,15097.0,9229.0,2406.0,1564.0,419.0,407.0,114.0,1411.0,42.0,518.0,207.0
17250,Oceania,2016,465.567,11.628,40435631.0,1716.0,11158.0,1908.0,2852.0,876.0,2070.0,3199.0,3444.0,4494.0,5201.0,3859.0,467.0,13546.0,1591.0,1088.0,10317.0,15227.0,15258.0,9509.0,2396.0,1559.0,429.0,414.0,89.0,1333.0,42.0,514.0,203.0
17251,Oceania,2017,465.857,11.473,41006479.0,1769.0,11480.0,1974.0,2945.0,905.0,2129.0,3241.0,3532.0,4496.0,5128.0,3985.0,475.0,13738.0,1638.0,1127.0,10567.0,15783.0,15506.0,9859.0,2423.0,1559.0,443.0,425.0,75.0,1277.0,43.0,510.0,203.0
17252,Oceania,2018,467.556,11.358,41570823.0,1858.0,11840.0,2047.0,3054.0,943.0,2200.0,3183.0,3638.0,4520.0,5042.0,4072.0,487.0,13956.0,1693.0,1169.0,10843.0,16428.0,15816.0,10252.0,2374.0,1532.0,455.0,446.0,75.0,1254.0,41.0,496.0,205.0
17253,Oceania,2019,471.016,11.29,42128048.0,1961.0,12162.0,2112.0,3149.0,963.0,2259.0,3136.0,3733.0,4546.0,4963.0,4121.0,496.0,14103.0,1737.0,1211.0,11036.0,17021.0,16061.0,10617.0,2336.0,1512.0,465.0,450.0,75.0,1226.0,39.0,485.0,204.0
17254,Oceania,2020,444.397,10.514,42677809.0,,,,,,,,,,,,,,,,,,,,,,,,,,,,
20837,South America,1990,595.614,2.016,295398177.0,105709.0,368306.0,54633.0,68240.0,143156.0,31306.0,94378.0,58490.0,180860.0,161219.0,37665.0,19885.0,139632.0,38901.0,36575.0,318536.0,251574.0,244303.0,200289.0,61138.0,44000.0,8813.0,14001.0,3543.0,22351.0,5334.0,40400.0,2564.0
20838,South America,1991,603.004,2.005,300829462.0,106309.0,369675.0,54978.0,67709.0,145081.0,31020.0,89902.0,57407.0,173929.0,152525.0,41338.0,19539.0,132847.0,38505.0,36696.0,317510.0,255130.0,238058.0,204624.0,58724.0,41852.0,9462.0,14230.0,3250.0,20743.0,4988.0,37775.0,2422.0
20839,South America,1992,615.051,2.009,306228628.0,109217.0,378519.0,56215.0,68609.0,148315.0,31403.0,82700.0,57576.0,168286.0,143846.0,45992.0,19574.0,128498.0,38891.0,37803.0,322464.0,263262.0,236498.0,213024.0,54456.0,39316.0,10231.0,14581.0,2912.0,19035.0,4545.0,34525.0,2401.0
20840,South America,1993,650.401,2.087,311601582.0,112484.0,390037.0,57669.0,69787.0,152842.0,31852.0,76882.0,58262.0,163190.0,136076.0,51002.0,19452.0,124195.0,39428.0,39580.0,330137.0,273203.0,235440.0,222825.0,50877.0,37044.0,11225.0,15216.0,2610.0,17502.0,4170.0,31760.0,2289.0
20841,South America,1994,667.658,2.106,316958269.0,114680.0,395238.0,58198.0,69810.0,155103.0,31732.0,70404.0,57978.0,158172.0,128150.0,55908.0,19141.0,118503.0,39241.0,40363.0,331756.0,279320.0,231925.0,229807.0,46569.0,34425.0,12245.0,15346.0,2304.0,16023.0,3778.0,29028.0,2344.0
20842,South America,1995,699.156,2.169,322302316.0,116939.0,402169.0,58888.0,70319.0,157206.0,31708.0,64015.0,58036.0,153836.0,120542.0,60050.0,19093.0,113942.0,39144.0,41205.0,334422.0,286976.0,229762.0,237823.0,42523.0,32112.0,13137.0,15678.0,2036.0,14689.0,3407.0,26384.0,2214.0
20843,South America,1996,725.574,2.215,327635132.0,119008.0,409378.0,59692.0,70806.0,159150.0,31480.0,58110.0,57872.0,149182.0,113580.0,62824.0,18860.0,109354.0,38961.0,42069.0,338115.0,293415.0,227396.0,245576.0,38715.0,29966.0,13314.0,16007.0,1796.0,13434.0,3054.0,23849.0,2078.0
20844,South America,1997,768.849,2.309,332943537.0,120104.0,412388.0,59664.0,70426.0,160682.0,30851.0,52840.0,56886.0,144611.0,106810.0,63412.0,18432.0,104787.0,38200.0,42297.0,337339.0,297086.0,223900.0,251498.0,35152.0,28029.0,12673.0,16126.0,1584.0,12252.0,2734.0,21524.0,2027.0
20845,South America,1998,821.329,2.429,338199117.0,122998.0,423731.0,60854.0,71350.0,164246.0,30683.0,48618.0,56666.0,140411.0,100917.0,64401.0,18290.0,101093.0,38125.0,43323.0,342041.0,305345.0,222930.0,262105.0,32196.0,26445.0,12474.0,16385.0,1419.0,11160.0,2473.0,19607.0,1978.0
20846,South America,1999,839.543,2.445,343364515.0,124884.0,431959.0,61688.0,71673.0,166229.0,30288.0,44139.0,56116.0,135714.0,94747.0,66663.0,18026.0,96939.0,37713.0,44162.0,343904.0,312644.0,220550.0,270892.0,29029.0,24894.0,12382.0,16607.0,1246.0,10145.0,2187.0,17682.0,1923.0
20847,South America,2000,821.39,2.358,348411890.0,124416.0,436441.0,62030.0,71344.0,165457.0,29860.0,40211.0,55032.0,131520.0,88772.0,67821.0,17589.0,93534.0,37146.0,44818.0,341736.0,317661.0,216924.0,277188.0,26176.0,23531.0,12541.0,16787.0,1090.0,9257.0,1913.0,15917.0,1838.0
20848,South America,2001,832.246,2.355,353333490.0,125392.0,446332.0,62984.0,72090.0,167211.0,29892.0,37329.0,54801.0,127463.0,84221.0,69402.0,17583.0,91071.0,37092.0,46031.0,343771.0,326982.0,215484.0,286016.0,23965.0,22475.0,12839.0,17143.0,969.0,8501.0,1701.0,14542.0,1859.0
20849,South America,2002,847.148,2.366,358133213.0,127485.0,461278.0,65088.0,73727.0,170950.0,30287.0,35110.0,55139.0,123385.0,80212.0,70400.0,18057.0,89650.0,37561.0,47770.0,348510.0,342405.0,216089.0,299041.0,22198.0,21662.0,13140.0,17801.0,868.0,7875.0,1530.0,13446.0,1887.0
20850,South America,2003,858.232,2.366,362809670.0,128906.0,475870.0,66123.0,75205.0,172282.0,30642.0,33369.0,55472.0,120238.0,76962.0,71552.0,18337.0,88064.0,37903.0,49892.0,352340.0,356845.0,215810.0,311572.0,20884.0,21121.0,13531.0,18482.0,785.0,7352.0,1387.0,12545.0,1853.0
20851,South America,2004,867.759,2.362,367365342.0,128259.0,485112.0,66766.0,75878.0,173320.0,30660.0,31268.0,55218.0,115794.0,72502.0,71581.0,18227.0,86312.0,37914.0,51690.0,353148.0,366476.0,213518.0,320341.0,19415.0,20466.0,13585.0,19076.0,703.0,6819.0,1234.0,11486.0,1788.0
20852,South America,2005,902.003,2.426,371804635.0,128590.0,491699.0,66898.0,76254.0,174099.0,30569.0,29330.0,54773.0,111613.0,68378.0,71280.0,18361.0,84229.0,37771.0,52612.0,351261.0,375341.0,211983.0,328556.0,18020.0,19719.0,13808.0,19522.0,630.0,6311.0,1104.0,10552.0,1830.0
20853,South America,2006,912.73,2.427,376122783.0,131065.0,502278.0,67994.0,77319.0,176164.0,30628.0,27242.0,54907.0,107967.0,64282.0,70895.0,18701.0,82169.0,38038.0,53719.0,352920.0,383619.0,212461.0,337790.0,16596.0,19044.0,14034.0,20108.0,545.0,5831.0,970.0,9613.0,1730.0
20854,South America,2007,940.749,2.474,380325055.0,133885.0,515127.0,68960.0,78750.0,178782.0,30768.0,25482.0,55338.0,105132.0,60888.0,70272.0,19261.0,80161.0,38358.0,55155.0,355831.0,393720.0,213198.0,348598.0,15443.0,18545.0,14487.0,20702.0,477.0,5396.0,876.0,8870.0,1724.0
20855,South America,2008,1007.52,2.621,384439475.0,138121.0,530873.0,70466.0,80462.0,183438.0,31129.0,24040.0,55912.0,101951.0,57878.0,70365.0,19914.0,78861.0,38970.0,57056.0,359677.0,408914.0,215988.0,363091.0,14502.0,18234.0,15011.0,21646.0,417.0,4996.0,792.0,8188.0,1717.0
20856,South America,2009,991.952,2.553,388503344.0,143518.0,549656.0,72604.0,82869.0,188141.0,31747.0,22784.0,57064.0,99112.0,55414.0,70576.0,20817.0,78338.0,39897.0,59246.0,365087.0,426125.0,220827.0,379083.0,13697.0,18243.0,15542.0,22680.0,366.0,4631.0,720.0,7599.0,1778.0
20857,South America,2010,1082.415,2.758,392543695.0,146529.0,560950.0,73598.0,84338.0,198904.0,31852.0,22790.0,57644.0,96305.0,53708.0,70766.0,21261.0,76550.0,40315.0,61012.0,366443.0,436488.0,222231.0,388290.0,13780.0,18431.0,15908.0,23481.0,355.0,4395.0,685.0,7335.0,1648.0
20858,South America,2011,1103.963,2.784,396571751.0,148733.0,570784.0,74589.0,85658.0,191197.0,32017.0,25514.0,58166.0,93190.0,53870.0,70672.0,21614.0,74841.0,40787.0,62572.0,366789.0,448382.0,222854.0,398326.0,15725.0,19488.0,16313.0,24099.0,422.0,4423.0,723.0,7784.0,1597.0
20859,South America,2012,1159.7,2.895,400581563.0,151762.0,581590.0,75938.0,87091.0,194193.0,32149.0,20214.0,58656.0,89506.0,48391.0,70744.0,22176.0,72751.0,41293.0,63730.0,367450.0,462513.0,223492.0,409901.0,11847.0,17882.0,16783.0,24846.0,265.0,3735.0,566.0,6224.0,1589.0
20860,South America,2013,1218.74,3.012,404561948.0,155417.0,597992.0,77810.0,89419.0,197667.0,32624.0,20187.0,59775.0,86294.0,47180.0,71618.0,22797.0,71019.0,42225.0,65847.0,370813.0,483148.0,225186.0,426287.0,11779.0,18177.0,17435.0,25740.0,256.0,3548.0,536.0,5961.0,1631.0
20861,South America,2014,1230.511,3.012,408493800.0,157654.0,610550.0,79164.0,91140.0,199331.0,32991.0,19444.0,60542.0,82085.0,45044.0,72540.0,23193.0,68849.0,42901.0,67695.0,370960.0,500230.0,225179.0,439645.0,11187.0,18128.0,17851.0,26429.0,227.0,3304.0,488.0,5496.0,1617.0
20862,South America,2015,1204.961,2.922,412362689.0,160252.0,626499.0,81299.0,93595.0,202452.0,33602.0,18997.0,61872.0,77861.0,43340.0,73132.0,23797.0,66982.0,43889.0,69825.0,375015.0,517605.0,226341.0,454172.0,10792.0,18145.0,18353.0,27128.0,208.0,3086.0,455.0,5137.0,1579.0
20863,South America,2016,1164.898,2.799,416164871.0,163374.0,647690.0,84160.0,96922.0,207599.0,34699.0,19022.0,64088.0,74054.0,42376.0,73196.0,24648.0,65196.0,45442.0,72754.0,382486.0,541146.0,227737.0,474170.0,10700.0,18351.0,18979.0,27957.0,201.0,2937.0,436.0,4915.0,1503.0
20864,South America,2017,1156.734,2.755,419903920.0,164521.0,663067.0,86175.0,99346.0,212343.0,35666.0,18278.0,65386.0,70333.0,40995.0,72937.0,25482.0,63050.0,46583.0,74935.0,384268.0,561744.0,226704.0,489770.0,10105.0,18078.0,19508.0,28603.0,177.0,2703.0,399.0,4518.0,1468.0
20865,South America,2018,1091.45,2.577,423581098.0,169371.0,678401.0,88190.0,101303.0,216356.0,36560.0,17957.0,66834.0,66915.0,40703.0,72788.0,25877.0,61121.0,47642.0,77005.0,385950.0,578876.0,229481.0,504294.0,9777.0,17906.0,19909.0,29129.0,164.0,2531.0,379.0,4290.0,1424.0
20866,South America,2019,1065.51,2.494,427199425.0,175846.0,699448.0,91077.0,104060.0,221484.0,37698.0,17749.0,69095.0,64202.0,40505.0,72991.0,26659.0,59313.0,49085.0,79322.0,390430.0,601070.0,234047.0,522673.0,9527.0,17886.0,20375.0,29812.0,153.0,2378.0,358.0,4090.0,1389.0
20867,South America,2020,994.16,2.308,430759771.0,,,,,,,,,,,,,,,,,,,,,,,,,,,,
24024,United States,1990,5113.455,20.282,252120309.0,104185.0,503627.0,31621.0,103243.0,76480.0,42793.0,84.0,44434.0,17038.0,2894.0,28239.0,13563.0,365.0,24390.0,45873.0,515412.0,263408.0,103744.0,232155.0,85.0,788.0,24755.0,10793.0,0.0,40.0,11.0,201.0,60.0
24025,United States,1991,5057.931,19.871,254539371.0,103530.0,501715.0,31595.0,102758.0,75761.0,42153.0,91.0,44166.0,16175.0,2941.0,31865.0,13102.0,353.0,23870.0,48114.0,514215.0,253433.0,103090.0,237071.0,91.0,798.0,26246.0,10994.0,0.0,38.0,12.0,194.0,58.0
24026,United States,1992,5167.481,20.108,256990608.0,102847.0,499454.0,31654.0,102023.0,75292.0,41472.0,98.0,43789.0,15254.0,3002.0,35039.0,12670.0,340.0,23375.0,50443.0,511959.0,244954.0,102384.0,241696.0,96.0,806.0,27913.0,11246.0,0.0,36.0,12.0,184.0,56.0
24027,United States,1993,5267.343,20.296,259532130.0,104872.0,510254.0,32627.0,104014.0,76507.0,41879.0,110.0,44457.0,14792.0,3164.0,38252.0,12662.0,339.0,23645.0,54134.0,520782.0,244852.0,104375.0,252046.0,105.0,839.0,30123.0,11823.0,0.0,34.0,12.0,178.0,56.0
24028,United States,1994,5358.824,20.435,262241204.0,105603.0,512209.0,33103.0,104079.0,76900.0,41556.0,122.0,44294.0,14082.0,3297.0,41866.0,12472.0,330.0,23549.0,56417.0,521049.0,243262.0,105019.0,258503.0,114.0,854.0,31989.0,12287.0,0.0,32.0,12.0,171.0,57.0
24029,United States,1995,5421.502,20.446,265163740.0,106353.0,516928.0,33798.0,104692.0,77465.0,41456.0,136.0,44317.0,13315.0,3472.0,42159.0,12422.0,327.0,23661.0,58077.0,523811.0,246213.0,105733.0,265915.0,126.0,871.0,33236.0,12838.0,0.0,30.0,11.0,162.0,54.0
24030,United States,1996,5610.582,20.909,268335007.0,105390.0,515725.0,34262.0,103905.0,77151.0,40741.0,154.0,43599.0,12867.0,3649.0,33053.0,12343.0,322.0,23634.0,58416.0,519031.0,248822.0,104753.0,269938.0,140.0,879.0,32485.0,13415.0,0.0,28.0,11.0,156.0,56.0
24031,United States,1997,5686.465,20.928,271713634.0,104693.0,514302.0,34966.0,103136.0,77119.0,39927.0,182.0,42803.0,12778.0,3859.0,21917.0,12364.0,317.0,23754.0,58665.0,514323.0,252482.0,104005.0,273597.0,163.0,884.0,31825.0,13950.0,0.0,27.0,11.0,154.0,58.0
24032,United States,1998,5731.05,20.827,275175309.0,104992.0,517240.0,36091.0,103396.0,77630.0,39450.0,220.0,42285.0,12943.0,4115.0,19201.0,12560.0,315.0,24189.0,59389.0,514248.0,259547.0,104228.0,279281.0,195.0,893.0,33082.0,14610.0,0.0,26.0,10.0,152.0,56.0
24033,United States,1999,5804.669,20.839,278548148.0,105371.0,523804.0,37466.0,104654.0,78657.0,39408.0,289.0,41936.0,13023.0,4435.0,20459.0,12857.0,315.0,24938.0,60640.0,517306.0,269567.0,104578.0,287496.0,252.0,872.0,35628.0,15501.0,0.0,25.0,9.0,145.0,63.0
24034,United States,2000,6010.508,21.336,281710914.0,103749.0,522147.0,38216.0,104042.0,80477.0,39042.0,366.0,41217.0,13020.0,4561.0,19729.0,12885.0,310.0,25250.0,60469.0,515705.0,275714.0,102989.0,292865.0,315.0,867.0,38005.0,16320.0,0.0,24.0,9.0,141.0,68.0
24035,United States,2001,5904.882,20.747,284607992.0,102077.0,515688.0,38703.0,103247.0,83379.0,38688.0,389.0,40330.0,12821.0,4548.0,19333.0,12848.0,302.0,25484.0,58981.0,513371.0,283539.0,101326.0,298050.0,372.0,855.0,40758.0,17140.0,0.0,23.0,8.0,137.0,71.0
24036,United States,2002,5946.771,20.7,287279312.0,100492.0,505748.0,39216.0,102511.0,86645.0,38423.0,413.0,39423.0,13010.0,4527.0,19481.0,12822.0,293.0,25812.0,56234.0,512206.0,294890.0,99744.0,303480.0,439.0,858.0,44130.0,17851.0,0.0,23.0,8.0,137.0,70.0
24037,United States,2003,6011.837,20.744,289815567.0,97219.0,489705.0,39321.0,100701.0,89728.0,37807.0,428.0,38098.0,13141.0,4416.0,19271.0,12645.0,282.0,25820.0,52711.0,507155.0,304997.0,96526.0,306668.0,507.0,855.0,47237.0,18482.0,0.0,23.0,8.0,137.0,88.0
24038,United States,2004,6114.007,20.913,292354663.0,92987.0,467423.0,38771.0,97200.0,91603.0,36680.0,440.0,36262.0,13041.0,4263.0,18770.0,12242.0,265.0,25407.0,49083.0,495705.0,309809.0,92316.0,305079.0,577.0,842.0,49534.0,18879.0,0.0,22.0,7.0,132.0,102.0
24039,United States,2005,6134.521,20.795,294993509.0,91505.0,460457.0,39233.0,96531.0,95606.0,36515.0,457.0,35533.0,13264.0,4252.0,18456.0,12184.0,256.0,25666.0,48050.0,495192.0,320168.0,90806.0,310455.0,665.0,858.0,52622.0,19711.0,0.0,22.0,7.0,130.0,112.0
24040,United States,2006,6051.668,20.324,297758977.0,88785.0,449055.0,39208.0,94606.0,98277.0,36014.0,480.0,34417.0,13369.0,4150.0,18120.0,11917.0,244.0,25583.0,47115.0,489860.0,327500.0,88050.0,311855.0,742.0,858.0,55030.0,20257.0,0.0,22.0,7.0,126.0,115.0
24041,United States,2007,6131.004,20.395,300608425.0,83921.0,437157.0,39128.0,92588.0,100895.0,35525.0,477.0,33250.0,13368.0,4142.0,17486.0,11605.0,230.0,25492.0,46387.0,484575.0,338307.0,83248.0,312758.0,781.0,854.0,56684.0,20868.0,0.0,22.0,7.0,121.0,118.0
24042,United States,2008,5914.078,19.487,303486022.0,79444.0,431300.0,39576.0,92108.0,104008.0,35604.0,467.0,32671.0,12829.0,4177.0,16769.0,11470.0,218.0,25793.0,46423.0,485557.0,353757.0,78860.0,317477.0,804.0,863.0,58572.0,21543.0,0.0,21.0,6.0,111.0,123.0
24043,United States,2009,5478.21,17.885,306307565.0,74765.0,423002.0,39674.0,90765.0,106886.0,35337.0,438.0,31906.0,11997.0,4177.0,16147.0,11199.0,205.0,25718.0,45827.0,481936.0,362532.0,74243.0,319825.0,789.0,856.0,60692.0,21954.0,0.0,19.0,6.0,101.0,121.0
24044,United States,2010,5675.786,18.368,309011469.0,71483.0,420422.0,39877.0,89918.0,109066.0,35139.0,410.0,31296.0,11242.0,4255.0,15020.0,11042.0,194.0,25687.0,45576.0,477588.0,366707.0,70979.0,322489.0,772.0,854.0,62637.0,22522.0,0.0,18.0,5.0,91.0,111.0
24045,United States,2011,5540.173,17.781,311584051.0,71105.0,426323.0,40702.0,90657.0,112915.0,35491.0,414.0,31382.0,11036.0,4415.0,14616.0,11063.0,186.0,25960.0,45475.0,480564.0,370883.0,70550.0,329075.0,776.0,872.0,66100.0,23365.0,0.0,17.0,5.0,86.0,119.0
24046,United States,2012,5338.698,17.0,314043885.0,68807.0,430713.0,41371.0,90841.0,116206.0,35713.0,410.0,31344.0,10907.0,4576.0,14378.0,11005.0,178.0,26100.0,44617.0,481186.0,373544.0,68292.0,334656.0,762.0,879.0,69306.0,23990.0,0.0,16.0,5.0,82.0,124.0
24047,United States,2013,5474.257,17.302,316400539.0,66640.0,437970.0,42258.0,91470.0,119808.0,36063.0,405.0,31512.0,10835.0,4814.0,14322.0,10969.0,171.0,26326.0,43632.0,483704.0,377775.0,66170.0,341827.0,745.0,894.0,73424.0,24792.0,0.0,16.0,5.0,80.0,134.0
24048,United States,2014,5522.807,17.331,318673422.0,63922.0,445918.0,43159.0,92198.0,123572.0,36476.0,399.0,31749.0,10743.0,5130.0,14272.0,10907.0,164.0,26558.0,42662.0,486227.0,382830.0,63519.0,349779.0,726.0,902.0,78721.0,25463.0,0.0,16.0,5.0,79.0,137.0
24049,United States,2015,5371.771,16.741,320878312.0,62621.0,456936.0,44306.0,93765.0,128082.0,37082.0,393.0,32203.0,10698.0,5515.0,14169.0,10917.0,159.0,26943.0,42158.0,490978.0,391105.0,62231.0,359659.0,708.0,918.0,85529.0,26221.0,0.0,16.0,5.0,80.0,138.0
24050,United States,2016,5248.024,16.247,323015992.0,60202.0,465558.0,45408.0,95347.0,132508.0,37688.0,384.0,32826.0,10517.0,5798.0,14552.0,10703.0,152.0,27161.0,41238.0,497281.0,399515.0,59832.0,369396.0,682.0,922.0,93918.0,26716.0,0.0,16.0,5.0,80.0,144.0
24051,United States,2017,5207.751,16.02,325084758.0,58113.0,467248.0,45805.0,96267.0,133096.0,38014.0,374.0,33223.0,10174.0,5657.0,14441.0,10492.0,146.0,27068.0,39871.0,500569.0,405299.0,57765.0,373207.0,665.0,929.0,98621.0,26397.0,0.0,15.0,5.0,78.0,126.0
24052,United States,2018,5375.491,16.434,327096263.0,59375.0,481551.0,47379.0,99502.0,135290.0,39210.0,378.0,34470.0,9804.0,5760.0,14366.0,10756.0,148.0,27636.0,38704.0,515910.0,422365.0,59030.0,384191.0,675.0,958.0,101471.0,27006.0,0.0,15.0,5.0,76.0,120.0
24053,United States,2019,5255.816,15.972,329064917.0,60572.0,495201.0,48501.0,102247.0,136663.0,40172.0,382.0,35583.0,9606.0,5898.0,14354.0,11029.0,150.0,27977.0,37147.0,527736.0,439379.0,60229.0,393859.0,682.0,987.0,104736.0,27681.0,0.0,14.0,5.0,75.0,114.0
24054,United States,2020,4712.771,14.238,331002647.0,,,,,,,,,,,,,,,,,,,,,,,,,,,,
